AloeVera_settings,/Game/Atlas/AtlasCoreBP/Harvest/Herb/MedHerbHarvestComponent_Aloe.MedHerbHarvestComponent_Aloe
WhiteTropicFlower_settings,/Game/Atlas/AtlasCoreBP/Harvest/Herb/MedHerbHarvestComponent_Aloe.MedHerbHarvestComponent_Aloe
AlderBush01_settings,/Game/Atlas/AtlasCoreBP/Harvest/Berries/BerryHarvestComponent_Blackberry.BerryHarvestComponent_Blackberry
AlderBush02_settings,/Game/Atlas/AtlasCoreBP/Harvest/Berries/BerryHarvestComponent_Blackberry.BerryHarvestComponent_Blackberry
Aristida_Snowy_01_settings,/Game/Atlas/AtlasCoreBP/Harvest/Berries/BerryHarvestComponent_Blackberry.BerryHarvestComponent_Blackberry
Aristida_Snowy_02_settings,/Game/Atlas/AtlasCoreBP/Harvest/Berries/BerryHarvestComponent_Blackberry.BerryHarvestComponent_Blackberry
Aristida_Snowy_03_settings,/Game/Atlas/AtlasCoreBP/Harvest/Berries/BerryHarvestComponent_Blackberry.BerryHarvestComponent_Blackberry
Bilberry_settings,/Game/Atlas/AtlasCoreBP/Harvest/Berries/BerryHarvestComponent_Blackberry.BerryHarvestComponent_Blackberry
Blackberry_settings,/Game/Atlas/AtlasCoreBP/Harvest/Berries/BerryHarvestComponent_Blackberry.BerryHarvestComponent_Blackberry
CistusLadanifer_settings,/Game/Atlas/AtlasCoreBP/Harvest/Berries/BerryHarvestComponent_Blackberry.BerryHarvestComponent_Blackberry
CloudBerries01_settings,/Game/Atlas/AtlasCoreBP/Harvest/Berries/BerryHarvestComponent_Blackberry.BerryHarvestComponent_Blackberry
CloudBerries02_settings,/Game/Atlas/AtlasCoreBP/Harvest/Berries/BerryHarvestComponent_Blackberry.BerryHarvestComponent_Blackberry
CloudBerries03_settings,/Game/Atlas/AtlasCoreBP/Harvest/Berries/BerryHarvestComponent_Blackberry.BerryHarvestComponent_Blackberry
CloudBerries04_settings,/Game/Atlas/AtlasCoreBP/Harvest/Berries/BerryHarvestComponent_Blackberry.BerryHarvestComponent_Blackberry
Colocynthis_Snowy_01_settings,/Game/Atlas/AtlasCoreBP/Harvest/Berries/BerryHarvestComponent_Blackberry.BerryHarvestComponent_Blackberry
Colocynthis_Snowy_02_settings,/Game/Atlas/AtlasCoreBP/Harvest/Berries/BerryHarvestComponent_Blackberry.BerryHarvestComponent_Blackberry
Hibiscus_2_settings,/Game/Atlas/AtlasCoreBP/Harvest/Berries/BerryHarvestComponent_Blackberry.BerryHarvestComponent_Blackberry
Hibiscus_settings,/Game/Atlas/AtlasCoreBP/Harvest/Berries/BerryHarvestComponent_Blackberry.BerryHarvestComponent_Blackberry
Huckleberry01_settings,/Game/Atlas/AtlasCoreBP/Harvest/Berries/BerryHarvestComponent_Blackberry.BerryHarvestComponent_Blackberry
Huckleberry02_settings,/Game/Atlas/AtlasCoreBP/Harvest/Berries/BerryHarvestComponent_Blackberry.BerryHarvestComponent_Blackberry
Huckleberry03_settings,/Game/Atlas/AtlasCoreBP/Harvest/Berries/BerryHarvestComponent_Blackberry.BerryHarvestComponent_Blackberry
Juneberry01_settings,/Game/Atlas/AtlasCoreBP/Harvest/Berries/BerryHarvestComponent_Blackberry.BerryHarvestComponent_Blackberry
Juneberry02_settings,/Game/Atlas/AtlasCoreBP/Harvest/Berries/BerryHarvestComponent_Blackberry.BerryHarvestComponent_Blackberry
Justicia1_settings,/Game/Atlas/AtlasCoreBP/Harvest/Berries/BerryHarvestComponent_Blackberry.BerryHarvestComponent_Blackberry
Justicia2_settings,/Game/Atlas/AtlasCoreBP/Harvest/Berries/BerryHarvestComponent_Blackberry.BerryHarvestComponent_Blackberry
Lingonberry01_settings,/Game/Atlas/AtlasCoreBP/Harvest/Berries/BerryHarvestComponent_Blackberry.BerryHarvestComponent_Blackberry
MediScrub1_settings,/Game/Atlas/AtlasCoreBP/Harvest/Berries/BerryHarvestComponent_Blackberry.BerryHarvestComponent_Blackberry
MediScrub2_settings,/Game/Atlas/AtlasCoreBP/Harvest/Berries/BerryHarvestComponent_Blackberry.BerryHarvestComponent_Blackberry
MediScrub3_settings,/Game/Atlas/AtlasCoreBP/Harvest/Berries/BerryHarvestComponent_Blackberry.BerryHarvestComponent_Blackberry
Oxalis01_settings,/Game/Atlas/AtlasCoreBP/Harvest/Berries/BerryHarvestComponent_Blackberry.BerryHarvestComponent_Blackberry
Oxalis02_settings,/Game/Atlas/AtlasCoreBP/Harvest/Berries/BerryHarvestComponent_Blackberry.BerryHarvestComponent_Blackberry
Oxalis03_settings,/Game/Atlas/AtlasCoreBP/Harvest/Berries/BerryHarvestComponent_Blackberry.BerryHarvestComponent_Blackberry
Raspberry01_settings,/Game/Atlas/AtlasCoreBP/Harvest/Berries/BerryHarvestComponent_Blackberry.BerryHarvestComponent_Blackberry
SM_Acerola_settings,/Game/Atlas/AtlasCoreBP/Harvest/Berries/BerryHarvestComponent_Blackberry.BerryHarvestComponent_Blackberry
SM_BeachPurslaneA_settings,/Game/Atlas/AtlasCoreBP/Harvest/Berries/BerryHarvestComponent_Blackberry.BerryHarvestComponent_Blackberry
SM_BushA_settings,/Game/Atlas/AtlasCoreBP/Harvest/Berries/BerryHarvestComponent_Blackberry.BerryHarvestComponent_Blackberry
SM_BushWestA_settings,/Game/Atlas/AtlasCoreBP/Harvest/Berries/BerryHarvestComponent_Blackberry.BerryHarvestComponent_Blackberry
SM_BushWestB_settings,/Game/Atlas/AtlasCoreBP/Harvest/Berries/BerryHarvestComponent_Blackberry.BerryHarvestComponent_Blackberry
SM_CastorOil_01_settings,/Game/Atlas/AtlasCoreBP/Harvest/Berries/BerryHarvestComponent_Blackberry.BerryHarvestComponent_Blackberry
SM_CastorOil_03_settings,/Game/Atlas/AtlasCoreBP/Harvest/Berries/BerryHarvestComponent_Blackberry.BerryHarvestComponent_Blackberry
SM_CastorOil_04_settings,/Game/Atlas/AtlasCoreBP/Harvest/Berries/BerryHarvestComponent_Blackberry.BerryHarvestComponent_Blackberry
SM_Chlorophytum_01_settings,/Game/Atlas/AtlasCoreBP/Harvest/Berries/BerryHarvestComponent_Blackberry.BerryHarvestComponent_Blackberry
SM_Chlorophytum_02_settings,/Game/Atlas/AtlasCoreBP/Harvest/Berries/BerryHarvestComponent_Blackberry.BerryHarvestComponent_Blackberry
SM_Chlorophytum_03_settings,/Game/Atlas/AtlasCoreBP/Harvest/Berries/BerryHarvestComponent_Blackberry.BerryHarvestComponent_Blackberry
SM_CliffBush_Settings,/Game/Atlas/AtlasCoreBP/Harvest/Berries/BerryHarvestComponent_Blackberry.BerryHarvestComponent_Blackberry
SM_ElderberryA_settings,/Game/Atlas/AtlasCoreBP/Harvest/Berries/BerryHarvestComponent_Blackberry.BerryHarvestComponent_Blackberry
SM_ilex_a_settings,/Game/Atlas/AtlasCoreBP/Harvest/Berries/BerryHarvestComponent_Blackberry.BerryHarvestComponent_Blackberry
SM_ilex_b_settings,/Game/Atlas/AtlasCoreBP/Harvest/Berries/BerryHarvestComponent_Blackberry.BerryHarvestComponent_Blackberry
SM_ilex_c_settings,/Game/Atlas/AtlasCoreBP/Harvest/Berries/BerryHarvestComponent_Blackberry.BerryHarvestComponent_Blackberry
SM_ilex_d_settings,/Game/Atlas/AtlasCoreBP/Harvest/Berries/BerryHarvestComponent_Blackberry.BerryHarvestComponent_Blackberry
SM_ilex_e_settings,/Game/Atlas/AtlasCoreBP/Harvest/Berries/BerryHarvestComponent_Blackberry.BerryHarvestComponent_Blackberry
SM_Oxalis_Var3_settings,/Game/Atlas/AtlasCoreBP/Harvest/Berries/BerryHarvestComponent_Blackberry.BerryHarvestComponent_Blackberry
SM_SchisandraA_settings,/Game/Atlas/AtlasCoreBP/Harvest/Berries/BerryHarvestComponent_Blackberry.BerryHarvestComponent_Blackberry
SM_SchisandraB_settings,/Game/Atlas/AtlasCoreBP/Harvest/Berries/BerryHarvestComponent_Blackberry.BerryHarvestComponent_Blackberry
SM_StrawberryA_settings,/Game/Atlas/AtlasCoreBP/Harvest/Berries/BerryHarvestComponent_Blackberry.BerryHarvestComponent_Blackberry
SM_WaterCabbage01_settings,/Game/Atlas/AtlasCoreBP/Harvest/Berries/BerryHarvestComponent_Blackberry.BerryHarvestComponent_Blackberry
SM_WaterCabbage02_settings,/Game/Atlas/AtlasCoreBP/Harvest/Berries/BerryHarvestComponent_Blackberry.BerryHarvestComponent_Blackberry
SM_WaterCabbage03_settings,/Game/Atlas/AtlasCoreBP/Harvest/Berries/BerryHarvestComponent_Blackberry.BerryHarvestComponent_Blackberry
SM_WaterCabbage04_settings,/Game/Atlas/AtlasCoreBP/Harvest/Berries/BerryHarvestComponent_Blackberry.BerryHarvestComponent_Blackberry
SM_WaterCabbage05_settings,/Game/Atlas/AtlasCoreBP/Harvest/Berries/BerryHarvestComponent_Blackberry.BerryHarvestComponent_Blackberry
SM_Weeds_settings,/Game/Atlas/AtlasCoreBP/Harvest/Berries/BerryHarvestComponent_Blackberry.BerryHarvestComponent_Blackberry
Tabacco01_settings,/Game/Atlas/AtlasCoreBP/Harvest/Berries/BerryHarvestComponent_Blackberry.BerryHarvestComponent_Blackberry
Tabacco02_settings,/Game/Atlas/AtlasCoreBP/Harvest/Berries/BerryHarvestComponent_Blackberry.BerryHarvestComponent_Blackberry
Tabacco03_settings,/Game/Atlas/AtlasCoreBP/Harvest/Berries/BerryHarvestComponent_Blackberry.BerryHarvestComponent_Blackberry
Tamarick01_settings,/Game/Atlas/AtlasCoreBP/Harvest/Berries/BerryHarvestComponent_Blackberry.BerryHarvestComponent_Blackberry
Tamarick02_settings,/Game/Atlas/AtlasCoreBP/Harvest/Berries/BerryHarvestComponent_Blackberry.BerryHarvestComponent_Blackberry
Tamarick03_settings,/Game/Atlas/AtlasCoreBP/Harvest/Berries/BerryHarvestComponent_Blackberry.BerryHarvestComponent_Blackberry
TuscanBlueRosemaryBush_2_settings,/Game/Atlas/AtlasCoreBP/Harvest/Berries/BerryHarvestComponent_Blackberry.BerryHarvestComponent_Blackberry
TuscanBlueRosemaryBush_settings,/Game/Atlas/AtlasCoreBP/Harvest/Berries/BerryHarvestComponent_Blackberry.BerryHarvestComponent_Blackberry
BareBush01_settings,/Game/Atlas/AtlasCoreBP/Harvest/Fiber/FiberHarvestComponent_Straw.FiberHarvestComponent_Straw
Cotton_settings,/Game/Atlas/AtlasCoreBP/Harvest/Fiber/FiberHarvestComponent_Straw.FiberHarvestComponent_Straw
DesertMarigold01_settings,/Game/Atlas/AtlasCoreBP/Harvest/Fiber/FiberHarvestComponent_Straw.FiberHarvestComponent_Straw
DesertMarigold02_settings,/Game/Atlas/AtlasCoreBP/Harvest/Fiber/FiberHarvestComponent_Straw.FiberHarvestComponent_Straw
DesertMarigold03_settings,/Game/Atlas/AtlasCoreBP/Harvest/Fiber/FiberHarvestComponent_Straw.FiberHarvestComponent_Straw
DesertPine_Clutter_settings,/Game/Atlas/AtlasCoreBP/Harvest/Fiber/FiberHarvestComponent_Straw.FiberHarvestComponent_Straw
DesertSage01_settings,/Game/Atlas/AtlasCoreBP/Harvest/Fiber/FiberHarvestComponent_Straw.FiberHarvestComponent_Straw
DesertSage02_settings,/Game/Atlas/AtlasCoreBP/Harvest/Fiber/FiberHarvestComponent_Straw.FiberHarvestComponent_Straw
DesertSage03_settings,/Game/Atlas/AtlasCoreBP/Harvest/Fiber/FiberHarvestComponent_Straw.FiberHarvestComponent_Straw
EasternBush01_settings,/Game/Atlas/AtlasCoreBP/Harvest/Fiber/FiberHarvestComponent_Straw.FiberHarvestComponent_Straw
EasternBush02_settings,/Game/Atlas/AtlasCoreBP/Harvest/Fiber/FiberHarvestComponent_Straw.FiberHarvestComponent_Straw
Ephedra_Snowy_01_settings,/Game/Atlas/AtlasCoreBP/Harvest/Fiber/FiberHarvestComponent_Straw.FiberHarvestComponent_Straw
Ephedra_Snowy_02_settings,/Game/Atlas/AtlasCoreBP/Harvest/Fiber/FiberHarvestComponent_Straw.FiberHarvestComponent_Straw
Ephedra01_settings,/Game/Atlas/AtlasCoreBP/Harvest/Fiber/FiberHarvestComponent_Straw.FiberHarvestComponent_Straw
Ephedra02_settings,/Game/Atlas/AtlasCoreBP/Harvest/Fiber/FiberHarvestComponent_Straw.FiberHarvestComponent_Straw
Ginseng01_settings,/Game/Atlas/AtlasCoreBP/Harvest/Fiber/FiberHarvestComponent_Straw.FiberHarvestComponent_Straw
Ginseng02_settings,/Game/Atlas/AtlasCoreBP/Harvest/Fiber/FiberHarvestComponent_Straw.FiberHarvestComponent_Straw
Ginseng03_settings,/Game/Atlas/AtlasCoreBP/Harvest/Fiber/FiberHarvestComponent_Straw.FiberHarvestComponent_Straw
Hemp_settings,/Game/Atlas/AtlasCoreBP/Harvest/Fiber/FiberHarvestComponent_Straw.FiberHarvestComponent_Straw
NordicFern01_settings,/Game/Atlas/AtlasCoreBP/Harvest/Fiber/FiberHarvestComponent_Straw.FiberHarvestComponent_Straw
NordicFern02_settings,/Game/Atlas/AtlasCoreBP/Harvest/Fiber/FiberHarvestComponent_Straw.FiberHarvestComponent_Straw
OrangeSmokeBush_settings,/Game/Atlas/AtlasCoreBP/Harvest/Fiber/FiberHarvestComponent_Straw.FiberHarvestComponent_Straw
PalmPlant_Cluster_SM_settings,/Game/Atlas/AtlasCoreBP/Harvest/Fiber/FiberHarvestComponent_Straw.FiberHarvestComponent_Straw
Panicum01_settings,/Game/Atlas/AtlasCoreBP/Harvest/Fiber/FiberHarvestComponent_Straw.FiberHarvestComponent_Straw
Panicum02_settings,/Game/Atlas/AtlasCoreBP/Harvest/Fiber/FiberHarvestComponent_Straw.FiberHarvestComponent_Straw
Panicum03_settings,/Game/Atlas/AtlasCoreBP/Harvest/Fiber/FiberHarvestComponent_Straw.FiberHarvestComponent_Straw
Papyrus_Snowy_01_settings,/Game/Atlas/AtlasCoreBP/Harvest/Fiber/FiberHarvestComponent_Straw.FiberHarvestComponent_Straw
Papyrus_Snowy_02_settings,/Game/Atlas/AtlasCoreBP/Harvest/Fiber/FiberHarvestComponent_Straw.FiberHarvestComponent_Straw
Papyrus_Snowy_03_settings,/Game/Atlas/AtlasCoreBP/Harvest/Fiber/FiberHarvestComponent_Straw.FiberHarvestComponent_Straw
Papyrus01_settings,/Game/Atlas/AtlasCoreBP/Harvest/Fiber/FiberHarvestComponent_Straw.FiberHarvestComponent_Straw
Papyrus02_settings,/Game/Atlas/AtlasCoreBP/Harvest/Fiber/FiberHarvestComponent_Straw.FiberHarvestComponent_Straw
Papyrus03_settings,/Game/Atlas/AtlasCoreBP/Harvest/Fiber/FiberHarvestComponent_Straw.FiberHarvestComponent_Straw
PineBush_Settings,/Game/Atlas/AtlasCoreBP/Harvest/Fiber/FiberHarvestComponent_Straw.FiberHarvestComponent_Straw
PineBush_settings,/Game/Atlas/AtlasCoreBP/Harvest/Fiber/FiberHarvestComponent_Straw.FiberHarvestComponent_Straw
Seaweed_A1_settings,/Game/Atlas/AtlasCoreBP/Harvest/Fiber/FiberHarvestComponent_Straw.FiberHarvestComponent_Straw
Seaweed_A2_settings,/Game/Atlas/AtlasCoreBP/Harvest/Fiber/FiberHarvestComponent_Straw.FiberHarvestComponent_Straw
Seaweed_A3_settings,/Game/Atlas/AtlasCoreBP/Harvest/Fiber/FiberHarvestComponent_Straw.FiberHarvestComponent_Straw
Seaweed_A4_settings,/Game/Atlas/AtlasCoreBP/Harvest/Fiber/FiberHarvestComponent_Straw.FiberHarvestComponent_Straw
Seaweed_B1_settings,/Game/Atlas/AtlasCoreBP/Harvest/Fiber/FiberHarvestComponent_Straw.FiberHarvestComponent_Straw
Seaweed_B2_settings,/Game/Atlas/AtlasCoreBP/Harvest/Fiber/FiberHarvestComponent_Straw.FiberHarvestComponent_Straw
Seaweed_B3_settings,/Game/Atlas/AtlasCoreBP/Harvest/Fiber/FiberHarvestComponent_Straw.FiberHarvestComponent_Straw
Seaweed_B4_settings,/Game/Atlas/AtlasCoreBP/Harvest/Fiber/FiberHarvestComponent_Straw.FiberHarvestComponent_Straw
SM_fern_a_settings,/Game/Atlas/AtlasCoreBP/Harvest/Fiber/FiberHarvestComponent_Straw.FiberHarvestComponent_Straw
SM_fern_b_settings,/Game/Atlas/AtlasCoreBP/Harvest/Fiber/FiberHarvestComponent_Straw.FiberHarvestComponent_Straw
SM_fern_c_settings,/Game/Atlas/AtlasCoreBP/Harvest/Fiber/FiberHarvestComponent_Straw.FiberHarvestComponent_Straw
SM_fern_d_settings,/Game/Atlas/AtlasCoreBP/Harvest/Fiber/FiberHarvestComponent_Straw.FiberHarvestComponent_Straw
SM_fern_e_settings,/Game/Atlas/AtlasCoreBP/Harvest/Fiber/FiberHarvestComponent_Straw.FiberHarvestComponent_Straw
SM_FernA_settings,/Game/Atlas/AtlasCoreBP/Harvest/Fiber/FiberHarvestComponent_Straw.FiberHarvestComponent_Straw
SM_FernB_settings,/Game/Atlas/AtlasCoreBP/Harvest/Fiber/FiberHarvestComponent_Straw.FiberHarvestComponent_Straw
SM_FernC_settings,/Game/Atlas/AtlasCoreBP/Harvest/Fiber/FiberHarvestComponent_Straw.FiberHarvestComponent_Straw
SM_FernD_settings,/Game/Atlas/AtlasCoreBP/Harvest/Fiber/FiberHarvestComponent_Straw.FiberHarvestComponent_Straw
SM_FernE_settings,/Game/Atlas/AtlasCoreBP/Harvest/Fiber/FiberHarvestComponent_Straw.FiberHarvestComponent_Straw
SM_FernF_settings,/Game/Atlas/AtlasCoreBP/Harvest/Fiber/FiberHarvestComponent_Straw.FiberHarvestComponent_Straw
SM_Jute_settings,/Game/Atlas/AtlasCoreBP/Harvest/Fiber/FiberHarvestComponent_Straw.FiberHarvestComponent_Straw
SM_Jute1_settings,/Game/Atlas/AtlasCoreBP/Harvest/Fiber/FiberHarvestComponent_Straw.FiberHarvestComponent_Straw
SM_Jute2_settings,/Game/Atlas/AtlasCoreBP/Harvest/Fiber/FiberHarvestComponent_Straw.FiberHarvestComponent_Straw
SM_Jute3_settings,/Game/Atlas/AtlasCoreBP/Harvest/Fiber/FiberHarvestComponent_Straw.FiberHarvestComponent_Straw
SM_LemonGrass_01_settings,/Game/Atlas/AtlasCoreBP/Harvest/Fiber/FiberHarvestComponent_Straw.FiberHarvestComponent_Straw
SM_LemonGrass_02_settings,/Game/Atlas/AtlasCoreBP/Harvest/Fiber/FiberHarvestComponent_Straw.FiberHarvestComponent_Straw
SM_LemonGrass_03_settings,/Game/Atlas/AtlasCoreBP/Harvest/Fiber/FiberHarvestComponent_Straw.FiberHarvestComponent_Straw
SM_Oxalis_Var1_settings,/Game/Atlas/AtlasCoreBP/Harvest/Fiber/FiberHarvestComponent_Straw.FiberHarvestComponent_Straw
SM_Oxalis_Var2_settings,/Game/Atlas/AtlasCoreBP/Harvest/Fiber/FiberHarvestComponent_Straw.FiberHarvestComponent_Straw
SM_RhapisExcelsa_A_settings,/Game/Atlas/AtlasCoreBP/Harvest/Fiber/FiberHarvestComponent_Straw.FiberHarvestComponent_Straw
SM_RhapisExcelsa_B_settings,/Game/Atlas/AtlasCoreBP/Harvest/Fiber/FiberHarvestComponent_Straw.FiberHarvestComponent_Straw
SM_RhapisExcelsa_C_settings,/Game/Atlas/AtlasCoreBP/Harvest/Fiber/FiberHarvestComponent_Straw.FiberHarvestComponent_Straw
SM_RhapisExcelsa_D_settings,/Game/Atlas/AtlasCoreBP/Harvest/Fiber/FiberHarvestComponent_Straw.FiberHarvestComponent_Straw
SM_RhapisExcelsa_E_settings,/Game/Atlas/AtlasCoreBP/Harvest/Fiber/FiberHarvestComponent_Straw.FiberHarvestComponent_Straw
SM_RhapisExcelsa_F_settings,/Game/Atlas/AtlasCoreBP/Harvest/Fiber/FiberHarvestComponent_Straw.FiberHarvestComponent_Straw
SM_Seaweed_C1_settings,/Game/Atlas/AtlasCoreBP/Harvest/Fiber/FiberHarvestComponent_Straw.FiberHarvestComponent_Straw
SM_Seaweed_C2_settings,/Game/Atlas/AtlasCoreBP/Harvest/Fiber/FiberHarvestComponent_Straw.FiberHarvestComponent_Straw
SM_Seaweed_C3_settings,/Game/Atlas/AtlasCoreBP/Harvest/Fiber/FiberHarvestComponent_Straw.FiberHarvestComponent_Straw
SM_Shrub_A_settings,/Game/Atlas/AtlasCoreBP/Harvest/Fiber/FiberHarvestComponent_Straw.FiberHarvestComponent_Straw
SM_Shrub_B_settings,/Game/Atlas/AtlasCoreBP/Harvest/Fiber/FiberHarvestComponent_Straw.FiberHarvestComponent_Straw
SM_Shrub_C_settings,/Game/Atlas/AtlasCoreBP/Harvest/Fiber/FiberHarvestComponent_Straw.FiberHarvestComponent_Straw
SM_Shrub_D_settings,/Game/Atlas/AtlasCoreBP/Harvest/Fiber/FiberHarvestComponent_Straw.FiberHarvestComponent_Straw
SM_Straw_settings,/Game/Atlas/AtlasCoreBP/Harvest/Fiber/FiberHarvestComponent_Straw.FiberHarvestComponent_Straw
SM_Sugar_CaneA_Settings,/Game/Atlas/AtlasCoreBP/Harvest/Fiber/FiberHarvestComponent_Straw.FiberHarvestComponent_Straw
SM_Sugar_CaneB_Settings,/Game/Atlas/AtlasCoreBP/Harvest/Fiber/FiberHarvestComponent_Straw.FiberHarvestComponent_Straw
SM_TropicalPalm1_settings,/Game/Atlas/AtlasCoreBP/Harvest/Fiber/FiberHarvestComponent_Straw.FiberHarvestComponent_Straw
SM_TropicalPalm2_settings,/Game/Atlas/AtlasCoreBP/Harvest/Fiber/FiberHarvestComponent_Straw.FiberHarvestComponent_Straw
SM_TropicalPalm3_settings,/Game/Atlas/AtlasCoreBP/Harvest/Fiber/FiberHarvestComponent_Straw.FiberHarvestComponent_Straw
Tamarisk_Snowy_01_settings,/Game/Atlas/AtlasCoreBP/Harvest/Fiber/FiberHarvestComponent_Straw.FiberHarvestComponent_Straw
Tamarisk_Snowy_02_settings,/Game/Atlas/AtlasCoreBP/Harvest/Fiber/FiberHarvestComponent_Straw.FiberHarvestComponent_Straw
Tamarisk_Snowy_03_settings,/Game/Atlas/AtlasCoreBP/Harvest/Fiber/FiberHarvestComponent_Straw.FiberHarvestComponent_Straw
TropicalFern1_settings,/Game/Atlas/AtlasCoreBP/Harvest/Fiber/FiberHarvestComponent_Straw.FiberHarvestComponent_Straw
TropicalFern2_settings,/Game/Atlas/AtlasCoreBP/Harvest/Fiber/FiberHarvestComponent_Straw.FiberHarvestComponent_Straw
TundraShrub01_settings,/Game/Atlas/AtlasCoreBP/Harvest/Fiber/FiberHarvestComponent_Straw.FiberHarvestComponent_Straw
TundraShrub02_settings,/Game/Atlas/AtlasCoreBP/Harvest/Fiber/FiberHarvestComponent_Straw.FiberHarvestComponent_Straw
YellowBroomBush_settings,/Game/Atlas/AtlasCoreBP/Harvest/Fiber/FiberHarvestComponent_Straw.FiberHarvestComponent_Straw
YellowBroomBush2_settings,/Game/Atlas/AtlasCoreBP/Harvest/Fiber/FiberHarvestComponent_Straw.FiberHarvestComponent_Straw
Aristida01_settings,/Game/Atlas/AtlasCoreBP/Harvest/Herb/HerbHarvestComponent_Thyme.HerbHarvestComponent_Thyme
Aristida02_settings,/Game/Atlas/AtlasCoreBP/Harvest/Herb/HerbHarvestComponent_Thyme.HerbHarvestComponent_Thyme
Aristida03_settings,/Game/Atlas/AtlasCoreBP/Harvest/Herb/HerbHarvestComponent_Thyme.HerbHarvestComponent_Thyme
Basil_settings,/Game/Atlas/AtlasCoreBP/Harvest/Herb/HerbHarvestComponent_Thyme.HerbHarvestComponent_Thyme
BlueFlower01_settings,/Game/Atlas/AtlasCoreBP/Harvest/Herb/HerbHarvestComponent_Thyme.HerbHarvestComponent_Thyme
Celery_settings,/Game/Atlas/AtlasCoreBP/Harvest/Herb/HerbHarvestComponent_Thyme.HerbHarvestComponent_Thyme
Colocynthis01_settings,/Game/Atlas/AtlasCoreBP/Harvest/Herb/HerbHarvestComponent_Thyme.HerbHarvestComponent_Thyme
Colocynthis02_settings,/Game/Atlas/AtlasCoreBP/Harvest/Herb/HerbHarvestComponent_Thyme.HerbHarvestComponent_Thyme
DesertLily01_settings,/Game/Atlas/AtlasCoreBP/Harvest/Herb/HerbHarvestComponent_Thyme.HerbHarvestComponent_Thyme
DesertLily02_settings,/Game/Atlas/AtlasCoreBP/Harvest/Herb/HerbHarvestComponent_Thyme.HerbHarvestComponent_Thyme
Flower_04_settings,/Game/Atlas/AtlasCoreBP/Harvest/Herb/HerbHarvestComponent_Thyme.HerbHarvestComponent_Thyme
Garlic_LOD0_settings,/Game/Atlas/AtlasCoreBP/Harvest/Herb/HerbHarvestComponent_Thyme.HerbHarvestComponent_Thyme
Greens01_settings,/Game/Atlas/AtlasCoreBP/Harvest/Herb/HerbHarvestComponent_Thyme.HerbHarvestComponent_Thyme
LantanaCamara_settings,/Game/Atlas/AtlasCoreBP/Harvest/Herb/HerbHarvestComponent_Thyme.HerbHarvestComponent_Thyme
LantanaCamara2_settings,/Game/Atlas/AtlasCoreBP/Harvest/Herb/HerbHarvestComponent_Thyme.HerbHarvestComponent_Thyme
Larkspur1_settings,/Game/Atlas/AtlasCoreBP/Harvest/Herb/HerbHarvestComponent_Thyme.HerbHarvestComponent_Thyme
Larkspur2_settings,/Game/Atlas/AtlasCoreBP/Harvest/Herb/HerbHarvestComponent_Thyme.HerbHarvestComponent_Thyme
Larkspur3_settings,/Game/Atlas/AtlasCoreBP/Harvest/Herb/HerbHarvestComponent_Thyme.HerbHarvestComponent_Thyme
Maize01_settings,/Game/Atlas/AtlasCoreBP/Harvest/Herb/HerbHarvestComponent_Thyme.HerbHarvestComponent_Thyme
Maize02_settings,/Game/Atlas/AtlasCoreBP/Harvest/Herb/HerbHarvestComponent_Thyme.HerbHarvestComponent_Thyme
MediterraneanDaisy_settings,/Game/Atlas/AtlasCoreBP/Harvest/Herb/HerbHarvestComponent_Thyme.HerbHarvestComponent_Thyme
MediterraneanDaisy2_settings,/Game/Atlas/AtlasCoreBP/Harvest/Herb/HerbHarvestComponent_Thyme.HerbHarvestComponent_Thyme
MtJuniperBush_settings,/Game/Atlas/AtlasCoreBP/Harvest/Herb/HerbHarvestComponent_Thyme.HerbHarvestComponent_Thyme
Parsley_settings,/Game/Atlas/AtlasCoreBP/Harvest/Herb/HerbHarvestComponent_Thyme.HerbHarvestComponent_Thyme
PersianShield01_settings,/Game/Atlas/AtlasCoreBP/Harvest/Herb/HerbHarvestComponent_Thyme.HerbHarvestComponent_Thyme
PersianShield02_settings,/Game/Atlas/AtlasCoreBP/Harvest/Herb/HerbHarvestComponent_Thyme.HerbHarvestComponent_Thyme
PGFlowers_settings,/Game/Atlas/AtlasCoreBP/Harvest/Herb/HerbHarvestComponent_Thyme.HerbHarvestComponent_Thyme
PGFlowers2_settings,/Game/Atlas/AtlasCoreBP/Harvest/Herb/HerbHarvestComponent_Thyme.HerbHarvestComponent_Thyme
PinkFlower01_settings,/Game/Atlas/AtlasCoreBP/Harvest/Herb/HerbHarvestComponent_Thyme.HerbHarvestComponent_Thyme
Plant03_SM_settings,/Game/Atlas/AtlasCoreBP/Harvest/Herb/HerbHarvestComponent_Thyme.HerbHarvestComponent_Thyme
Plant04_SM_settings,/Game/Atlas/AtlasCoreBP/Harvest/Herb/HerbHarvestComponent_Thyme.HerbHarvestComponent_Thyme
Plant05_SM_settings,/Game/Atlas/AtlasCoreBP/Harvest/Herb/HerbHarvestComponent_Thyme.HerbHarvestComponent_Thyme
Potato_settings,/Game/Atlas/AtlasCoreBP/Harvest/Herb/HerbHarvestComponent_Thyme.HerbHarvestComponent_Thyme
Sage_Snowy_01_settings,/Game/Atlas/AtlasCoreBP/Harvest/Herb/HerbHarvestComponent_Thyme.HerbHarvestComponent_Thyme
Sage_Snowy_02_settings,/Game/Atlas/AtlasCoreBP/Harvest/Herb/HerbHarvestComponent_Thyme.HerbHarvestComponent_Thyme
Sage_Snowy_03_settings,/Game/Atlas/AtlasCoreBP/Harvest/Herb/HerbHarvestComponent_Thyme.HerbHarvestComponent_Thyme
SaltBush01_settings,/Game/Atlas/AtlasCoreBP/Harvest/Herb/HerbHarvestComponent_Thyme.HerbHarvestComponent_Thyme
SaltBush02_settings,/Game/Atlas/AtlasCoreBP/Harvest/Herb/HerbHarvestComponent_Thyme.HerbHarvestComponent_Thyme
SM_achillea_settings,/Game/Atlas/AtlasCoreBP/Harvest/Herb/HerbHarvestComponent_Thyme.HerbHarvestComponent_Thyme
SM_BeansA_settings,/Game/Atlas/AtlasCoreBP/Harvest/Herb/HerbHarvestComponent_Thyme.HerbHarvestComponent_Thyme
SM_BeansB_settings,/Game/Atlas/AtlasCoreBP/Harvest/Herb/HerbHarvestComponent_Thyme.HerbHarvestComponent_Thyme
SM_Beet_settings,/Game/Atlas/AtlasCoreBP/Harvest/Herb/HerbHarvestComponent_Thyme.HerbHarvestComponent_Thyme
SM_Cactus_settings,/Game/Atlas/AtlasCoreBP/Harvest/Herb/HerbHarvestComponent_Thyme.HerbHarvestComponent_Thyme
SM_CarrotA_settings,/Game/Atlas/AtlasCoreBP/Harvest/Herb/HerbHarvestComponent_Thyme.HerbHarvestComponent_Thyme
SM_CarrotB_settings,/Game/Atlas/AtlasCoreBP/Harvest/Herb/HerbHarvestComponent_Thyme.HerbHarvestComponent_Thyme
SM_CarrotC_settings,/Game/Atlas/AtlasCoreBP/Harvest/Herb/HerbHarvestComponent_Thyme.HerbHarvestComponent_Thyme
SM_CarrotD_settings,/Game/Atlas/AtlasCoreBP/Harvest/Herb/HerbHarvestComponent_Thyme.HerbHarvestComponent_Thyme
SM_ChamomileA_settings,/Game/Atlas/AtlasCoreBP/Harvest/Herb/MedHerbHarvestComponent_Aloe.MedHerbHarvestComponent_Aloe
SM_ChamomileB_settings,/Game/Atlas/AtlasCoreBP/Harvest/Herb/MedHerbHarvestComponent_Aloe.MedHerbHarvestComponent_Aloe
SM_Chickpea1_settings,/Game/Atlas/AtlasCoreBP/Harvest/Herb/HerbHarvestComponent_Thyme.HerbHarvestComponent_Thyme
SM_Chickpea2_settings,/Game/Atlas/AtlasCoreBP/Harvest/Herb/HerbHarvestComponent_Thyme.HerbHarvestComponent_Thyme
SM_Chickpea3_settings,/Game/Atlas/AtlasCoreBP/Harvest/Herb/HerbHarvestComponent_Thyme.HerbHarvestComponent_Thyme
SM_Cilantro_Settings,/Game/Atlas/AtlasCoreBP/Harvest/Herb/HerbHarvestComponent_Thyme.HerbHarvestComponent_Thyme
SM_CorpseFlower_2_settings,/Game/Atlas/AtlasCoreBP/Harvest/Herb/HerbHarvestComponent_Thyme.HerbHarvestComponent_Thyme
SM_CorpseFlower_settings,/Game/Atlas/AtlasCoreBP/Harvest/Herb/HerbHarvestComponent_Thyme.HerbHarvestComponent_Thyme
SM_daisy_settings,/Game/Atlas/AtlasCoreBP/Harvest/Herb/HerbHarvestComponent_Thyme.HerbHarvestComponent_Thyme
SM_Dandelion_a_settings,/Game/Atlas/AtlasCoreBP/Harvest/Herb/HerbHarvestComponent_Thyme.HerbHarvestComponent_Thyme
SM_Dandelion_b_settings,/Game/Atlas/AtlasCoreBP/Harvest/Herb/HerbHarvestComponent_Thyme.HerbHarvestComponent_Thyme
SM_Flower_03_settings,/Game/Atlas/AtlasCoreBP/Harvest/Herb/HerbHarvestComponent_Thyme.HerbHarvestComponent_Thyme
SM_LicoriceA_settings,/Game/Atlas/AtlasCoreBP/Harvest/Herb/MedHerbHarvestComponent_Aloe.MedHerbHarvestComponent_Aloe
SM_LicoriceB_settings,/Game/Atlas/AtlasCoreBP/Harvest/Herb/MedHerbHarvestComponent_Aloe.MedHerbHarvestComponent_Aloe
SM_LilyPad_ClusterA_settings,/Game/Atlas/AtlasCoreBP/Harvest/Herb/HerbHarvestComponent_Thyme.HerbHarvestComponent_Thyme
SM_Mint_A_settings,/Game/Atlas/AtlasCoreBP/Harvest/Herb/HerbHarvestComponent_Thyme.HerbHarvestComponent_Thyme
SM_Mint_B_settings,/Game/Atlas/AtlasCoreBP/Harvest/Herb/HerbHarvestComponent_Thyme.HerbHarvestComponent_Thyme
SM_Mint_C_settings,/Game/Atlas/AtlasCoreBP/Harvest/Herb/HerbHarvestComponent_Thyme.HerbHarvestComponent_Thyme
SM_Mint_D_settings,/Game/Atlas/AtlasCoreBP/Harvest/Herb/HerbHarvestComponent_Thyme.HerbHarvestComponent_Thyme
SM_Mint_E_settings,/Game/Atlas/AtlasCoreBP/Harvest/Herb/HerbHarvestComponent_Thyme.HerbHarvestComponent_Thyme
SM_OnionA_settings,/Game/Atlas/AtlasCoreBP/Harvest/Vegetable/VeggieHarvestComponent_EdibleGreens.VeggieHarvestComponent_EdibleGreens
SM_OnionB_settings,/Game/Atlas/AtlasCoreBP/Harvest/Vegetable/VeggieHarvestComponent_EdibleGreens.VeggieHarvestComponent_EdibleGreens
SM_OnionC_settings,/Game/Atlas/AtlasCoreBP/Harvest/Vegetable/VeggieHarvestComponent_EdibleGreens.VeggieHarvestComponent_EdibleGreens
SM_OnionD_settings,/Game/Atlas/AtlasCoreBP/Harvest/Vegetable/VeggieHarvestComponent_EdibleGreens.VeggieHarvestComponent_EdibleGreens
SM_OnionE_settings,/Game/Atlas/AtlasCoreBP/Harvest/Vegetable/VeggieHarvestComponent_EdibleGreens.VeggieHarvestComponent_EdibleGreens
SM_Oregano_settings,/Game/Atlas/AtlasCoreBP/Harvest/Herb/HerbHarvestComponent_Thyme.HerbHarvestComponent_Thyme
SM_PeppersA_settings,/Game/Atlas/AtlasCoreBP/Harvest/Vegetable/VeggieHarvestComponent_EdibleGreens.VeggieHarvestComponent_EdibleGreens
SM_PeppersB_settings,/Game/Atlas/AtlasCoreBP/Harvest/Vegetable/VeggieHarvestComponent_EdibleGreens.VeggieHarvestComponent_EdibleGreens
SM_PeppersC_settings,/Game/Atlas/AtlasCoreBP/Harvest/Vegetable/VeggieHarvestComponent_EdibleGreens.VeggieHarvestComponent_EdibleGreens
SM_Poppy1_settings,/Game/Atlas/AtlasCoreBP/Harvest/Herb/MedHerbHarvestComponent_Aloe.MedHerbHarvestComponent_Aloe
SM_Poppy2_settings,/Game/Atlas/AtlasCoreBP/Harvest/Herb/MedHerbHarvestComponent_Aloe.MedHerbHarvestComponent_Aloe
SM_Poppy3_settings,/Game/Atlas/AtlasCoreBP/Harvest/Herb/MedHerbHarvestComponent_Aloe.MedHerbHarvestComponent_Aloe
SM_RafflesiaArnoldii_settings,/Game/Atlas/AtlasCoreBP/Harvest/Herb/HerbHarvestComponent_Thyme.HerbHarvestComponent_Thyme
SM_RiceA_settings,/Game/Atlas/AtlasCoreBP/Harvest/Vegetable/VeggieHarvestComponent_EdibleGreens.VeggieHarvestComponent_EdibleGreens
SM_RiceB_settings,/Game/Atlas/AtlasCoreBP/Harvest/Vegetable/VeggieHarvestComponent_EdibleGreens.VeggieHarvestComponent_EdibleGreens
SM_spring_flowers_a_settings,/Game/Atlas/AtlasCoreBP/Harvest/Herb/HerbHarvestComponent_Thyme.HerbHarvestComponent_Thyme
SM_TumericA_settings,/Game/Atlas/AtlasCoreBP/Harvest/Herb/MedHerbHarvestComponent_Aloe.MedHerbHarvestComponent_Aloe
SM_Zephyranthes01_settings,/Game/Atlas/AtlasCoreBP/Harvest/Herb/HerbHarvestComponent_Thyme.HerbHarvestComponent_Thyme
SM_Zephyranthes02_settings,/Game/Atlas/AtlasCoreBP/Harvest/Herb/HerbHarvestComponent_Thyme.HerbHarvestComponent_Thyme
SM_Zephyranthes03_settings,/Game/Atlas/AtlasCoreBP/Harvest/Herb/HerbHarvestComponent_Thyme.HerbHarvestComponent_Thyme
SM_Zephyranthes04_settings,/Game/Atlas/AtlasCoreBP/Harvest/Herb/HerbHarvestComponent_Thyme.HerbHarvestComponent_Thyme
Thyme_settings,/Game/Atlas/AtlasCoreBP/Harvest/Herb/HerbHarvestComponent_Thyme.HerbHarvestComponent_Thyme
Turnip_settings,/Game/Atlas/AtlasCoreBP/Harvest/Vegetable/VeggieHarvestComponent_EdibleGreens.VeggieHarvestComponent_EdibleGreens
Weeds01_settings,/Game/Atlas/AtlasCoreBP/Harvest/Herb/HerbHarvestComponent_Thyme.HerbHarvestComponent_Thyme
Weeds02_settings,/Game/Atlas/AtlasCoreBP/Harvest/Herb/HerbHarvestComponent_Thyme.HerbHarvestComponent_Thyme
Yarrow_settings,/Game/Atlas/AtlasCoreBP/Harvest/Herb/MedHerbHarvestComponent_Aloe.MedHerbHarvestComponent_Aloe
SM_Coconut_settings,/Game/Atlas/AtlasCoreBP/Harvest/Vegetable/VeggieHarvestComponent_EdibleGreens.VeggieHarvestComponent_EdibleGreens
Latex01_settings,/Game/Atlas/AtlasCoreBP/Harvest/Sap/SapHarvestComponent_Resin.SapHarvestComponent_Resin
Latex02_settings,/Game/Atlas/AtlasCoreBP/Harvest/Sap/SapHarvestComponent_Resin.SapHarvestComponent_Resin
RedSmokeBush_settings,/Game/Atlas/AtlasCoreBP/Harvest/Sap/SapHarvestComponent_Resin.SapHarvestComponent_Resin
SM_GiantMushroom01_settings,/Game/Atlas/AtlasCoreBP/Harvest/Sap/SapHarvestComponent_Resin.SapHarvestComponent_Resin
SM_Honey_settings,/Game/Atlas/AtlasCoreBP/Harvest/Sap/SapHarvestComponent_Resin.SapHarvestComponent_Resin
SM_Mushroom01_settings,/Game/Atlas/AtlasCoreBP/Harvest/Sap/SapHarvestComponent_Resin.SapHarvestComponent_Resin
SM_Mushroom02_settings,/Game/Atlas/AtlasCoreBP/Harvest/Sap/SapHarvestComponent_Resin.SapHarvestComponent_Resin
SM_Mushroom03_settings,/Game/Atlas/AtlasCoreBP/Harvest/Sap/SapHarvestComponent_Resin.SapHarvestComponent_Resin
SM_Mushroom04_settings,/Game/Atlas/AtlasCoreBP/Harvest/Sap/SapHarvestComponent_Resin.SapHarvestComponent_Resin
SM_RoyalLily_settings,/Game/Atlas/AtlasCoreBP/Harvest/Sap/SapHarvestComponent_Resin.SapHarvestComponent_Resin
SM_Wax_settings,/Game/Atlas/AtlasCoreBP/Harvest/Sap/SapHarvestComponent_Resin.SapHarvestComponent_Resin
Syrup_settings,/Game/Atlas/AtlasCoreBP/Harvest/Sap/SapHarvestComponent_Resin.SapHarvestComponent_Resin
Roots_settings,/Game/Atlas/AtlasCoreBP/Harvest/Thatch/ThatchHarvestComponent_Twig.ThatchHarvestComponent_Twig
SM_FrondA_settings,/Game/Atlas/AtlasCoreBP/Harvest/Thatch/ThatchHarvestComponent_Twig.ThatchHarvestComponent_Twig
SM_FrondB_settings,/Game/Atlas/AtlasCoreBP/Harvest/Thatch/ThatchHarvestComponent_Twig.ThatchHarvestComponent_Twig
SM_FrondC_settings,/Game/Atlas/AtlasCoreBP/Harvest/Thatch/ThatchHarvestComponent_Twig.ThatchHarvestComponent_Twig
SM_RedMapleShrub_settings,/Game/Atlas/AtlasCoreBP/Harvest/Thatch/ThatchHarvestComponent_Twig.ThatchHarvestComponent_Twig
SM_Reeds1_settings,/Game/Atlas/AtlasCoreBP/Harvest/Thatch/ThatchHarvestComponent_Twig.ThatchHarvestComponent_Twig
SM_Reeds2_settings,/Game/Atlas/AtlasCoreBP/Harvest/Thatch/ThatchHarvestComponent_Twig.ThatchHarvestComponent_Twig
SM_Root_01_settings,/Game/Atlas/AtlasCoreBP/Harvest/Thatch/ThatchHarvestComponent_Twig.ThatchHarvestComponent_Twig
SM_Root_02_settings,/Game/Atlas/AtlasCoreBP/Harvest/Thatch/ThatchHarvestComponent_Twig.ThatchHarvestComponent_Twig
SM_Root_03_settings,/Game/Atlas/AtlasCoreBP/Harvest/Thatch/ThatchHarvestComponent_Twig.ThatchHarvestComponent_Twig
SM_Root_04_settings,/Game/Atlas/AtlasCoreBP/Harvest/Thatch/ThatchHarvestComponent_Twig.ThatchHarvestComponent_Twig
SM_Root_05_settings,/Game/Atlas/AtlasCoreBP/Harvest/Thatch/ThatchHarvestComponent_Twig.ThatchHarvestComponent_Twig
SM_Root_06_settings,/Game/Atlas/AtlasCoreBP/Harvest/Thatch/ThatchHarvestComponent_Twig.ThatchHarvestComponent_Twig
SM_Root_07_settings,/Game/Atlas/AtlasCoreBP/Harvest/Thatch/ThatchHarvestComponent_Twig.ThatchHarvestComponent_Twig
SM_Root_08_settings,/Game/Atlas/AtlasCoreBP/Harvest/Thatch/ThatchHarvestComponent_Twig.ThatchHarvestComponent_Twig
SM_Roots01_settings,/Game/Atlas/AtlasCoreBP/Harvest/Thatch/ThatchHarvestComponent_Twig.ThatchHarvestComponent_Twig
SM_Roots02_settings,/Game/Atlas/AtlasCoreBP/Harvest/Thatch/ThatchHarvestComponent_Twig.ThatchHarvestComponent_Twig
SM_Roots03_settings,/Game/Atlas/AtlasCoreBP/Harvest/Thatch/ThatchHarvestComponent_Twig.ThatchHarvestComponent_Twig
Welwitschia01_settings,/Game/Atlas/AtlasCoreBP/Harvest/Thatch/ThatchHarvestComponent_Twig.ThatchHarvestComponent_Twig
SM_BeachPurslaneDebrisA_settings,/Game/Atlas/AtlasCoreBP/Harvest/Thatch/ThatchHarvestComponent_Twig.ThatchHarvestComponent_Twig
SM_BeachPurslaneDebrisB_settings,/Game/Atlas/AtlasCoreBP/Harvest/Thatch/ThatchHarvestComponent_Twig.ThatchHarvestComponent_Twig
SM_birch_ground_leaves_a_fall_settings,/Game/Atlas/AtlasCoreBP/Harvest/Thatch/ThatchHarvestComponent_Twig.ThatchHarvestComponent_Twig
SM_birch_ground_leaves_b_fall_settings,/Game/Atlas/AtlasCoreBP/Harvest/Thatch/ThatchHarvestComponent_Twig.ThatchHarvestComponent_Twig
BigCactus_settings,/Game/Atlas/AtlasCoreBP/Harvest/Wood/WoodHarvestComponent_Fir.WoodHarvestComponent_Fir
Cactus_Snowy_01_settings,/Game/Atlas/AtlasCoreBP/Harvest/Wood/WoodHarvestComponent_Fir.WoodHarvestComponent_Fir
Cactus_Snowy_02_settings,/Game/Atlas/AtlasCoreBP/Harvest/Wood/WoodHarvestComponent_Fir.WoodHarvestComponent_Fir
Cocoa_settings,/Game/Atlas/AtlasCoreBP/Harvest/Wood/WoodHarvestComponent_Fir.WoodHarvestComponent_Fir
LimeTree_settings,/Game/Atlas/AtlasCoreBP/Harvest/Wood/WoodHarvestComponent_Fir.WoodHarvestComponent_Fir
PipeCactus01_settings,/Game/Atlas/AtlasCoreBP/Harvest/Wood/WoodHarvestComponent_Fir.WoodHarvestComponent_Fir
PipeCactus02_settings,/Game/Atlas/AtlasCoreBP/Harvest/Wood/WoodHarvestComponent_Fir.WoodHarvestComponent_Fir
PipeCactus03_settings,/Game/Atlas/AtlasCoreBP/Harvest/Wood/WoodHarvestComponent_Fir.WoodHarvestComponent_Fir
PricklyPear_Snowy_settings,/Game/Atlas/AtlasCoreBP/Harvest/Wood/WoodHarvestComponent_Fir.WoodHarvestComponent_Fir
PricklyPear_Snowy_settings_02,/Game/Atlas/AtlasCoreBP/Harvest/Wood/WoodHarvestComponent_Fir.WoodHarvestComponent_Fir
SaguroCactus_Snowy_01_settings,/Game/Atlas/AtlasCoreBP/Harvest/Wood/WoodHarvestComponent_Fir.WoodHarvestComponent_Fir
SaguroCactus_Snowy_02_settings,/Game/Atlas/AtlasCoreBP/Harvest/Wood/WoodHarvestComponent_Fir.WoodHarvestComponent_Fir
SeaGrapes_settings,/Game/Atlas/AtlasCoreBP/Harvest/Wood/WoodHarvestComponent_Fir.WoodHarvestComponent_Fir
Silk01_settings,/Game/Atlas/AtlasCoreBP/Harvest/Wood/WoodHarvestComponent_Fir.WoodHarvestComponent_Fir
Silk02_settings,/Game/Atlas/AtlasCoreBP/Harvest/Wood/WoodHarvestComponent_Fir.WoodHarvestComponent_Fir
SM_AfricanPeyote01_settings,/Game/Atlas/AtlasCoreBP/Harvest/Wood/WoodHarvestComponent_Fir.WoodHarvestComponent_Fir
SM_AfricanPeyote02_settings,/Game/Atlas/AtlasCoreBP/Harvest/Wood/WoodHarvestComponent_Fir.WoodHarvestComponent_Fir
SM_Coconut_Palm_A_settings,/Game/Atlas/AtlasCoreBP/Harvest/Wood/WoodHarvestComponent_Fir.WoodHarvestComponent_Fir
SM_Coconut_Palm_B_settings,/Game/Atlas/AtlasCoreBP/Harvest/Wood/WoodHarvestComponent_Fir.WoodHarvestComponent_Fir
SM_Olive1_settings,/Game/Atlas/AtlasCoreBP/Harvest/Wood/WoodHarvestComponent_Fir.WoodHarvestComponent_Fir
SM_Olive2_settings,/Game/Atlas/AtlasCoreBP/Harvest/Wood/WoodHarvestComponent_Fir.WoodHarvestComponent_Fir
SM_Olive3_settings,/Game/Atlas/AtlasCoreBP/Harvest/Wood/WoodHarvestComponent_Fir.WoodHarvestComponent_Fir
Acacia_Snowy_01_settings,/Game/Atlas/AtlasCoreBP/Harvest/Wood/WoodHarvestComponent_Fir.WoodHarvestComponent_Fir
Acacia_Snowy_02_settings,/Game/Atlas/AtlasCoreBP/Harvest/Wood/WoodHarvestComponent_Fir.WoodHarvestComponent_Fir
Acacia_Snowy_03_settings,/Game/Atlas/AtlasCoreBP/Harvest/Wood/WoodHarvestComponent_Fir.WoodHarvestComponent_Fir
Acacia01_settings,/Game/Atlas/AtlasCoreBP/Harvest/Wood/WoodHarvestComponent_Fir.WoodHarvestComponent_Fir
Acacia02_settings,/Game/Atlas/AtlasCoreBP/Harvest/Wood/WoodHarvestComponent_Fir.WoodHarvestComponent_Fir
Acacia03_settings,/Game/Atlas/AtlasCoreBP/Harvest/Wood/WoodHarvestComponent_Fir.WoodHarvestComponent_Fir
Alder_Field_settings,/Game/Atlas/AtlasCoreBP/Harvest/Wood/WoodHarvestComponent_Fir.WoodHarvestComponent_Fir
Alder_Forest_settings,/Game/Atlas/AtlasCoreBP/Harvest/Wood/WoodHarvestComponent_Fir.WoodHarvestComponent_Fir
Aleppo_1_settings,/Game/Atlas/AtlasCoreBP/Harvest/Wood/WoodHarvestComponent_Fir.WoodHarvestComponent_Fir
Aleppo_2_settings,/Game/Atlas/AtlasCoreBP/Harvest/Wood/WoodHarvestComponent_Fir.WoodHarvestComponent_Fir
Aleppo_3_settings,/Game/Atlas/AtlasCoreBP/Harvest/Wood/WoodHarvestComponent_Fir.WoodHarvestComponent_Fir
Aleppo_4_settings,/Game/Atlas/AtlasCoreBP/Harvest/Wood/WoodHarvestComponent_Fir.WoodHarvestComponent_Fir
Balsam01_settings,/Game/Atlas/AtlasCoreBP/Harvest/Wood/WoodHarvestComponent_Fir.WoodHarvestComponent_Fir
Balsam02_settings,/Game/Atlas/AtlasCoreBP/Harvest/Wood/WoodHarvestComponent_Fir.WoodHarvestComponent_Fir
Balsam03_settings,/Game/Atlas/AtlasCoreBP/Harvest/Wood/WoodHarvestComponent_Fir.WoodHarvestComponent_Fir
Balsam04_settings,/Game/Atlas/AtlasCoreBP/Harvest/Wood/WoodHarvestComponent_Fir.WoodHarvestComponent_Fir
BareTree01_settings,/Game/Atlas/AtlasCoreBP/Harvest/Wood/WoodHarvestComponent_Fir.WoodHarvestComponent_Fir
BareTree02_settings,/Game/Atlas/AtlasCoreBP/Harvest/Wood/WoodHarvestComponent_Fir.WoodHarvestComponent_Fir
BareTree03_settings,/Game/Atlas/AtlasCoreBP/Harvest/Wood/WoodHarvestComponent_Fir.WoodHarvestComponent_Fir
BareTree04_settings,/Game/Atlas/AtlasCoreBP/Harvest/Wood/WoodHarvestComponent_Fir.WoodHarvestComponent_Fir
BareTree05_settings,/Game/Atlas/AtlasCoreBP/Harvest/Wood/WoodHarvestComponent_Fir.WoodHarvestComponent_Fir
BlueFir01_settings,/Game/Atlas/AtlasCoreBP/Harvest/Wood/WoodHarvestComponent_Fir.WoodHarvestComponent_Fir
BlueFir02_settings,/Game/Atlas/AtlasCoreBP/Harvest/Wood/WoodHarvestComponent_Fir.WoodHarvestComponent_Fir
BlueFir03_settings,/Game/Atlas/AtlasCoreBP/Harvest/Wood/WoodHarvestComponent_Fir.WoodHarvestComponent_Fir
Cedar1_settings,/Game/Atlas/AtlasCoreBP/Harvest/Wood/WoodHarvestComponent_Fir.WoodHarvestComponent_Fir
Cedar2_settings,/Game/Atlas/AtlasCoreBP/Harvest/Wood/WoodHarvestComponent_Fir.WoodHarvestComponent_Fir
Cedar3_settings,/Game/Atlas/AtlasCoreBP/Harvest/Wood/WoodHarvestComponent_Fir.WoodHarvestComponent_Fir
Cedar4_settings,/Game/Atlas/AtlasCoreBP/Harvest/Wood/WoodHarvestComponent_Fir.WoodHarvestComponent_Fir
CorkOak1_settings,/Game/Atlas/AtlasCoreBP/Harvest/Wood/WoodHarvestComponent_Fir.WoodHarvestComponent_Fir
CorkOak2_settings,/Game/Atlas/AtlasCoreBP/Harvest/Wood/WoodHarvestComponent_Fir.WoodHarvestComponent_Fir
CorkOak3_settings,/Game/Atlas/AtlasCoreBP/Harvest/Wood/WoodHarvestComponent_Fir.WoodHarvestComponent_Fir
CorkOak4_settings,/Game/Atlas/AtlasCoreBP/Harvest/Wood/WoodHarvestComponent_Fir.WoodHarvestComponent_Fir
DatePalm_settings,/Game/Atlas/AtlasCoreBP/Harvest/Wood/WoodHarvestComponent_Fir.WoodHarvestComponent_Fir
DatePalm01_settings,/Game/Atlas/AtlasCoreBP/Harvest/Wood/WoodHarvestComponent_Fir.WoodHarvestComponent_Fir
DatePalm02_settings,/Game/Atlas/AtlasCoreBP/Harvest/Wood/WoodHarvestComponent_Fir.WoodHarvestComponent_Fir
DatePalm03_settings,/Game/Atlas/AtlasCoreBP/Harvest/Wood/WoodHarvestComponent_Fir.WoodHarvestComponent_Fir
DatePalm2_settings,/Game/Atlas/AtlasCoreBP/Harvest/Wood/WoodHarvestComponent_Fir.WoodHarvestComponent_Fir
DatePalm3_settings,/Game/Atlas/AtlasCoreBP/Harvest/Wood/WoodHarvestComponent_Fir.WoodHarvestComponent_Fir
DeadEvergreen1_settings,/Game/Atlas/AtlasCoreBP/Harvest/Wood/WoodHarvestComponent_Fir.WoodHarvestComponent_Fir
DeadEvergreen2_settings,/Game/Atlas/AtlasCoreBP/Harvest/Wood/WoodHarvestComponent_Fir.WoodHarvestComponent_Fir
DesertPalm01_settings,/Game/Atlas/AtlasCoreBP/Harvest/Wood/WoodHarvestComponent_Fir.WoodHarvestComponent_Fir
DesertPalm02_settings,/Game/Atlas/AtlasCoreBP/Harvest/Wood/WoodHarvestComponent_Fir.WoodHarvestComponent_Fir
DesertPalm03_settings,/Game/Atlas/AtlasCoreBP/Harvest/Wood/WoodHarvestComponent_Fir.WoodHarvestComponent_Fir
DesertPalmSnowy_01_settings,/Game/Atlas/AtlasCoreBP/Harvest/Wood/WoodHarvestComponent_Fir.WoodHarvestComponent_Fir
DesertPalmSnowy_02_settings,/Game/Atlas/AtlasCoreBP/Harvest/Wood/WoodHarvestComponent_Fir.WoodHarvestComponent_Fir
DesertPalmSnowy_03_settings,/Game/Atlas/AtlasCoreBP/Harvest/Wood/WoodHarvestComponent_Fir.WoodHarvestComponent_Fir
Doum_Snowy_01_settings,/Game/Atlas/AtlasCoreBP/Harvest/Wood/WoodHarvestComponent_Fir.WoodHarvestComponent_Fir
Doum_Snowy_02_settings,/Game/Atlas/AtlasCoreBP/Harvest/Wood/WoodHarvestComponent_Fir.WoodHarvestComponent_Fir
DoumPalm01_settings,/Game/Atlas/AtlasCoreBP/Harvest/Wood/WoodHarvestComponent_Fir.WoodHarvestComponent_Fir
DoumPalm02_settings,/Game/Atlas/AtlasCoreBP/Harvest/Wood/WoodHarvestComponent_Fir.WoodHarvestComponent_Fir
DoumPalm03_settings,/Game/Atlas/AtlasCoreBP/Harvest/Wood/WoodHarvestComponent_Fir.WoodHarvestComponent_Fir
DustedEvergreen1_settings,/Game/Atlas/AtlasCoreBP/Harvest/Wood/WoodHarvestComponent_Fir.WoodHarvestComponent_Fir
DustedEvergreen2_settings,/Game/Atlas/AtlasCoreBP/Harvest/Wood/WoodHarvestComponent_Fir.WoodHarvestComponent_Fir
DustedEvergreen3_settings,/Game/Atlas/AtlasCoreBP/Harvest/Wood/WoodHarvestComponent_Fir.WoodHarvestComponent_Fir
Evergreen1_settings,/Game/Atlas/AtlasCoreBP/Harvest/Wood/WoodHarvestComponent_Fir.WoodHarvestComponent_Fir
Evergreen2_settings,/Game/Atlas/AtlasCoreBP/Harvest/Wood/WoodHarvestComponent_Fir.WoodHarvestComponent_Fir
FanPalm_settings,/Game/Atlas/AtlasCoreBP/Harvest/Wood/WoodHarvestComponent_Fir.WoodHarvestComponent_Fir
FanPalm2_settings,/Game/Atlas/AtlasCoreBP/Harvest/Wood/WoodHarvestComponent_Fir.WoodHarvestComponent_Fir
Fig_Snowy_01_settings,/Game/Atlas/AtlasCoreBP/Harvest/Wood/WoodHarvestComponent_Fir.WoodHarvestComponent_Fir
Fig_Snowy_02_settings,/Game/Atlas/AtlasCoreBP/Harvest/Wood/WoodHarvestComponent_Fir.WoodHarvestComponent_Fir
Fig_Snowy_03_settings,/Game/Atlas/AtlasCoreBP/Harvest/Wood/WoodHarvestComponent_Fir.WoodHarvestComponent_Fir
Fig01_settings,/Game/Atlas/AtlasCoreBP/Harvest/Wood/WoodHarvestComponent_Fir.WoodHarvestComponent_Fir
Fig02_settings,/Game/Atlas/AtlasCoreBP/Harvest/Wood/WoodHarvestComponent_Fir.WoodHarvestComponent_Fir
Fig03_settings,/Game/Atlas/AtlasCoreBP/Harvest/Wood/WoodHarvestComponent_Fir.WoodHarvestComponent_Fir
Fir_settings,/Game/Atlas/AtlasCoreBP/Harvest/Wood/WoodHarvestComponent_Fir.WoodHarvestComponent_Fir
FloralTree_Field_settings,/Game/Atlas/AtlasCoreBP/Harvest/Wood/WoodHarvestComponent_Fir.WoodHarvestComponent_Fir
FloralTree_Forest_settings,/Game/Atlas/AtlasCoreBP/Harvest/Wood/WoodHarvestComponent_Fir.WoodHarvestComponent_Fir
ItalianCypress_settings,/Game/Atlas/AtlasCoreBP/Harvest/Wood/WoodHarvestComponent_Fir.WoodHarvestComponent_Fir
ItalianCypress2_settings,/Game/Atlas/AtlasCoreBP/Harvest/Wood/WoodHarvestComponent_Fir.WoodHarvestComponent_Fir
JapanesePine_field_settings,/Game/Atlas/AtlasCoreBP/Harvest/Wood/WoodHarvestComponent_Fir.WoodHarvestComponent_Fir
JapanesePine_Snow_01_settings,/Game/Atlas/AtlasCoreBP/Harvest/Wood/WoodHarvestComponent_Fir.WoodHarvestComponent_Fir
JapanesePine_Snow_02_settings,/Game/Atlas/AtlasCoreBP/Harvest/Wood/WoodHarvestComponent_Fir.WoodHarvestComponent_Fir
Joshua01_settings,/Game/Atlas/AtlasCoreBP/Harvest/Wood/WoodHarvestComponent_Fir.WoodHarvestComponent_Fir
Joshua02_settings,/Game/Atlas/AtlasCoreBP/Harvest/Wood/WoodHarvestComponent_Fir.WoodHarvestComponent_Fir
Joshua03_settings,/Game/Atlas/AtlasCoreBP/Harvest/Wood/WoodHarvestComponent_Fir.WoodHarvestComponent_Fir
Judas1_settings,/Game/Atlas/AtlasCoreBP/Harvest/Wood/WoodHarvestComponent_Fir.WoodHarvestComponent_Fir
Judas2_settings,/Game/Atlas/AtlasCoreBP/Harvest/Wood/WoodHarvestComponent_Fir.WoodHarvestComponent_Fir
Judas3_settings,/Game/Atlas/AtlasCoreBP/Harvest/Wood/WoodHarvestComponent_Fir.WoodHarvestComponent_Fir
Judas4_settings,/Game/Atlas/AtlasCoreBP/Harvest/Wood/WoodHarvestComponent_Fir.WoodHarvestComponent_Fir
JungleTree_Field_settings,/Game/Atlas/AtlasCoreBP/Harvest/Wood/WoodHarvestComponent_Fir.WoodHarvestComponent_Fir
JungleTree_Forest_settings,/Game/Atlas/AtlasCoreBP/Harvest/Wood/WoodHarvestComponent_Fir.WoodHarvestComponent_Fir
Juniper_settings,/Game/Atlas/AtlasCoreBP/Harvest/Wood/WoodHarvestComponent_Fir.WoodHarvestComponent_Fir
Juniper2_settings,/Game/Atlas/AtlasCoreBP/Harvest/Wood/WoodHarvestComponent_Fir.WoodHarvestComponent_Fir
Juniper3_settings,/Game/Atlas/AtlasCoreBP/Harvest/Wood/WoodHarvestComponent_Fir.WoodHarvestComponent_Fir
Juniper4_settings,/Game/Atlas/AtlasCoreBP/Harvest/Wood/WoodHarvestComponent_Fir.WoodHarvestComponent_Fir
Magaria01_settings,/Game/Atlas/AtlasCoreBP/Harvest/Wood/WoodHarvestComponent_Fir.WoodHarvestComponent_Fir
Magaria02_settings,/Game/Atlas/AtlasCoreBP/Harvest/Wood/WoodHarvestComponent_Fir.WoodHarvestComponent_Fir
Magaria03_settings,/Game/Atlas/AtlasCoreBP/Harvest/Wood/WoodHarvestComponent_Fir.WoodHarvestComponent_Fir
Mangrove_A_settings,/Game/Atlas/AtlasCoreBP/Harvest/Wood/WoodHarvestComponent_Fir.WoodHarvestComponent_Fir
Mangrove_B_settings,/Game/Atlas/AtlasCoreBP/Harvest/Wood/WoodHarvestComponent_Fir.WoodHarvestComponent_Fir
Mangrove_C_settings,/Game/Atlas/AtlasCoreBP/Harvest/Wood/WoodHarvestComponent_Fir.WoodHarvestComponent_Fir
MountainAsh01_settings,/Game/Atlas/AtlasCoreBP/Harvest/Wood/WoodHarvestComponent_Fir.WoodHarvestComponent_Fir
MountainAsh02_settings,/Game/Atlas/AtlasCoreBP/Harvest/Wood/WoodHarvestComponent_Fir.WoodHarvestComponent_Fir
MountainAsh03_settings,/Game/Atlas/AtlasCoreBP/Harvest/Wood/WoodHarvestComponent_Fir.WoodHarvestComponent_Fir
MountainHemlock01_settings,/Game/Atlas/AtlasCoreBP/Harvest/Wood/WoodHarvestComponent_Fir.WoodHarvestComponent_Fir
MountainHemlock02_settings,/Game/Atlas/AtlasCoreBP/Harvest/Wood/WoodHarvestComponent_Fir.WoodHarvestComponent_Fir
NeedlePalm01_settings,/Game/Atlas/AtlasCoreBP/Harvest/Wood/WoodHarvestComponent_Fir.WoodHarvestComponent_Fir
NeedlePalm02_settings,/Game/Atlas/AtlasCoreBP/Harvest/Wood/WoodHarvestComponent_Fir.WoodHarvestComponent_Fir
NeedlePalm03_settings,/Game/Atlas/AtlasCoreBP/Harvest/Wood/WoodHarvestComponent_Fir.WoodHarvestComponent_Fir
Oak_settings,/Game/Atlas/AtlasCoreBP/Harvest/Wood/WoodHarvestComponent_Fir.WoodHarvestComponent_Fir
Oleander_settings,/Game/Atlas/AtlasCoreBP/Harvest/Wood/WoodHarvestComponent_Fir.WoodHarvestComponent_Fir
Oleander2_settings,/Game/Atlas/AtlasCoreBP/Harvest/Wood/WoodHarvestComponent_Fir.WoodHarvestComponent_Fir
Oleander3_settings,/Game/Atlas/AtlasCoreBP/Harvest/Wood/WoodHarvestComponent_Fir.WoodHarvestComponent_Fir
OrangeTreeA_settings,/Game/Atlas/AtlasCoreBP/Harvest/Wood/WoodHarvestComponent_Fir.WoodHarvestComponent_Fir
OrangeTreeB_settings,/Game/Atlas/AtlasCoreBP/Harvest/Wood/WoodHarvestComponent_Fir.WoodHarvestComponent_Fir
OrangeTreeC_settings,/Game/Atlas/AtlasCoreBP/Harvest/Wood/WoodHarvestComponent_Fir.WoodHarvestComponent_Fir
Palm_Snowy_01_settings,/Game/Atlas/AtlasCoreBP/Harvest/Wood/WoodHarvestComponent_Fir.WoodHarvestComponent_Fir
Palm_Snowy_02_settings,/Game/Atlas/AtlasCoreBP/Harvest/Wood/WoodHarvestComponent_Fir.WoodHarvestComponent_Fir
Palm_Snowy_03_settings,/Game/Atlas/AtlasCoreBP/Harvest/Wood/WoodHarvestComponent_Fir.WoodHarvestComponent_Fir
Palmetto_Sabal_settings,/Game/Atlas/AtlasCoreBP/Harvest/Wood/WoodHarvestComponent_Fir.WoodHarvestComponent_Fir
Palo_Snowy_01_settings,/Game/Atlas/AtlasCoreBP/Harvest/Wood/WoodHarvestComponent_Fir.WoodHarvestComponent_Fir
Palo_Snowy_02_settings,/Game/Atlas/AtlasCoreBP/Harvest/Wood/WoodHarvestComponent_Fir.WoodHarvestComponent_Fir
Palo_Snowy_03_settings,/Game/Atlas/AtlasCoreBP/Harvest/Wood/WoodHarvestComponent_Fir.WoodHarvestComponent_Fir
Palo_Snowy_04_settings,/Game/Atlas/AtlasCoreBP/Harvest/Wood/WoodHarvestComponent_Fir.WoodHarvestComponent_Fir
Paulownia01_settings,/Game/Atlas/AtlasCoreBP/Harvest/Wood/WoodHarvestComponent_Fir.WoodHarvestComponent_Fir
Paulownia02_settings,/Game/Atlas/AtlasCoreBP/Harvest/Wood/WoodHarvestComponent_Fir.WoodHarvestComponent_Fir
Paulownia03_settings,/Game/Atlas/AtlasCoreBP/Harvest/Wood/WoodHarvestComponent_Fir.WoodHarvestComponent_Fir
Paulownia04_settings,/Game/Atlas/AtlasCoreBP/Harvest/Wood/WoodHarvestComponent_Fir.WoodHarvestComponent_Fir
Pine_A_settings,/Game/Atlas/AtlasCoreBP/Harvest/Wood/WoodHarvestComponent_Fir.WoodHarvestComponent_Fir
Pine_B_settings,/Game/Atlas/AtlasCoreBP/Harvest/Wood/WoodHarvestComponent_Fir.WoodHarvestComponent_Fir
Pine_C_settings,/Game/Atlas/AtlasCoreBP/Harvest/Wood/WoodHarvestComponent_Fir.WoodHarvestComponent_Fir
Pine_D_settings,/Game/Atlas/AtlasCoreBP/Harvest/Wood/WoodHarvestComponent_Fir.WoodHarvestComponent_Fir
Pine_E_settings,/Game/Atlas/AtlasCoreBP/Harvest/Wood/WoodHarvestComponent_Fir.WoodHarvestComponent_Fir
Pine_F_settings,/Game/Atlas/AtlasCoreBP/Harvest/Wood/WoodHarvestComponent_Fir.WoodHarvestComponent_Fir
Pine_G_settings,/Game/Atlas/AtlasCoreBP/Harvest/Wood/WoodHarvestComponent_Fir.WoodHarvestComponent_Fir
Pine_settings,/Game/Atlas/AtlasCoreBP/Harvest/Wood/WoodHarvestComponent_Fir.WoodHarvestComponent_Fir
Poplar_settings,/Game/Atlas/AtlasCoreBP/Harvest/Wood/WoodHarvestComponent_Fir.WoodHarvestComponent_Fir
RedMaple01_settings,/Game/Atlas/AtlasCoreBP/Harvest/Wood/WoodHarvestComponent_Fir.WoodHarvestComponent_Fir
RedMaple02_settings,/Game/Atlas/AtlasCoreBP/Harvest/Wood/WoodHarvestComponent_Fir.WoodHarvestComponent_Fir
RedMaple03_settings,/Game/Atlas/AtlasCoreBP/Harvest/Wood/WoodHarvestComponent_Fir.WoodHarvestComponent_Fir
RedMaple04_settings,/Game/Atlas/AtlasCoreBP/Harvest/Wood/WoodHarvestComponent_Fir.WoodHarvestComponent_Fir
SM_AcaiPalm_settings,/Game/Atlas/AtlasCoreBP/Harvest/Wood/WoodHarvestComponent_Fir.WoodHarvestComponent_Fir
SM_birch_a_fall_settings,/Game/Atlas/AtlasCoreBP/Harvest/Wood/WoodHarvestComponent_Fir.WoodHarvestComponent_Fir
SM_birch_b_fall_settings,/Game/Atlas/AtlasCoreBP/Harvest/Wood/WoodHarvestComponent_Fir.WoodHarvestComponent_Fir
SM_birch_c_fall_settings,/Game/Atlas/AtlasCoreBP/Harvest/Wood/WoodHarvestComponent_Fir.WoodHarvestComponent_Fir
SM_birch_d_fall_settings,/Game/Atlas/AtlasCoreBP/Harvest/Wood/WoodHarvestComponent_Fir.WoodHarvestComponent_Fir
SM_birch_g_fall_settings,/Game/Atlas/AtlasCoreBP/Harvest/Wood/WoodHarvestComponent_Fir.WoodHarvestComponent_Fir
SM_BogTree01_settings,/Game/Atlas/AtlasCoreBP/Harvest/Wood/WoodHarvestComponent_Fir.WoodHarvestComponent_Fir
SM_BogTree02_settings,/Game/Atlas/AtlasCoreBP/Harvest/Wood/WoodHarvestComponent_Fir.WoodHarvestComponent_Fir
SM_DeadTree_A_settings,/Game/Atlas/AtlasCoreBP/Harvest/Wood/WoodHarvestComponent_Fir.WoodHarvestComponent_Fir
SM_DeadTree_A1_settings,/Game/Atlas/AtlasCoreBP/Harvest/Wood/WoodHarvestComponent_Fir.WoodHarvestComponent_Fir
SM_DeadTree_A2_settings,/Game/Atlas/AtlasCoreBP/Harvest/Wood/WoodHarvestComponent_Fir.WoodHarvestComponent_Fir
SM_DeadTree_B_settings,/Game/Atlas/AtlasCoreBP/Harvest/Wood/WoodHarvestComponent_Fir.WoodHarvestComponent_Fir
SM_DeadTree_B1_settings,/Game/Atlas/AtlasCoreBP/Harvest/Wood/WoodHarvestComponent_Fir.WoodHarvestComponent_Fir
SM_DeadTree_B2_settings,/Game/Atlas/AtlasCoreBP/Harvest/Wood/WoodHarvestComponent_Fir.WoodHarvestComponent_Fir
SM_Oak_Field_settings,/Game/Atlas/AtlasCoreBP/Harvest/Wood/WoodHarvestComponent_Fir.WoodHarvestComponent_Fir
SM_Oak_Forest_settings,/Game/Atlas/AtlasCoreBP/Harvest/Wood/WoodHarvestComponent_Fir.WoodHarvestComponent_Fir
SM_pine_a_settings,/Game/Atlas/AtlasCoreBP/Harvest/Wood/WoodHarvestComponent_Fir.WoodHarvestComponent_Fir
SM_pine_b_settings,/Game/Atlas/AtlasCoreBP/Harvest/Wood/WoodHarvestComponent_Fir.WoodHarvestComponent_Fir
SM_pine_c_settings,/Game/Atlas/AtlasCoreBP/Harvest/Wood/WoodHarvestComponent_Fir.WoodHarvestComponent_Fir
SM_pine_f_settings,/Game/Atlas/AtlasCoreBP/Harvest/Wood/WoodHarvestComponent_Fir.WoodHarvestComponent_Fir
SM_pine_g_settings,/Game/Atlas/AtlasCoreBP/Harvest/Wood/WoodHarvestComponent_Fir.WoodHarvestComponent_Fir
SM_pine_h_settings,/Game/Atlas/AtlasCoreBP/Harvest/Wood/WoodHarvestComponent_Fir.WoodHarvestComponent_Fir
SM_pine_i_settings,/Game/Atlas/AtlasCoreBP/Harvest/Wood/WoodHarvestComponent_Fir.WoodHarvestComponent_Fir
SM_PoplerTree_A_settings,/Game/Atlas/AtlasCoreBP/Harvest/Wood/WoodHarvestComponent_Fir.WoodHarvestComponent_Fir
SM_PoplerTree_B_settings,/Game/Atlas/AtlasCoreBP/Harvest/Wood/WoodHarvestComponent_Fir.WoodHarvestComponent_Fir
SM_RainbowEucalyptus_settings,/Game/Atlas/AtlasCoreBP/Harvest/Wood/WoodHarvestComponent_Fir.WoodHarvestComponent_Fir
SM_RainbowEucalyptus2_settings,/Game/Atlas/AtlasCoreBP/Harvest/Wood/WoodHarvestComponent_Fir.WoodHarvestComponent_Fir
SM_RedMaple_settings,/Game/Atlas/AtlasCoreBP/Harvest/Wood/WoodHarvestComponent_Fir.WoodHarvestComponent_Fir
SM_RedMaple2_settings,/Game/Atlas/AtlasCoreBP/Harvest/Wood/WoodHarvestComponent_Fir.WoodHarvestComponent_Fir
Sycamore_American_Field_settings,/Game/Atlas/AtlasCoreBP/Harvest/Wood/WoodHarvestComponent_Fir.WoodHarvestComponent_Fir
Sycamore_American_Forest_settings,/Game/Atlas/AtlasCoreBP/Harvest/Wood/WoodHarvestComponent_Fir.WoodHarvestComponent_Fir
Sycamore_American_Sapling_1_settings,/Game/Atlas/AtlasCoreBP/Harvest/Wood/WoodHarvestComponent_Fir.WoodHarvestComponent_Fir
Sycamore_American_Sapling_2_settings,/Game/Atlas/AtlasCoreBP/Harvest/Wood/WoodHarvestComponent_Fir.WoodHarvestComponent_Fir
Tamarack01_settings,/Game/Atlas/AtlasCoreBP/Harvest/Wood/WoodHarvestComponent_Fir.WoodHarvestComponent_Fir
Tamarack02_settings,/Game/Atlas/AtlasCoreBP/Harvest/Wood/WoodHarvestComponent_Fir.WoodHarvestComponent_Fir
Tamarack03_settings,/Game/Atlas/AtlasCoreBP/Harvest/Wood/WoodHarvestComponent_Fir.WoodHarvestComponent_Fir
Tamarack04_settings,/Game/Atlas/AtlasCoreBP/Harvest/Wood/WoodHarvestComponent_Fir.WoodHarvestComponent_Fir
Toona01_settings,/Game/Atlas/AtlasCoreBP/Harvest/Wood/WoodHarvestComponent_Fir.WoodHarvestComponent_Fir
Toona02_settings,/Game/Atlas/AtlasCoreBP/Harvest/Wood/WoodHarvestComponent_Fir.WoodHarvestComponent_Fir
Toona03_settings,/Game/Atlas/AtlasCoreBP/Harvest/Wood/WoodHarvestComponent_Fir.WoodHarvestComponent_Fir
UmbrellaPine_settings,/Game/Atlas/AtlasCoreBP/Harvest/Wood/WoodHarvestComponent_Fir.WoodHarvestComponent_Fir
UmbrellaPine2_settings,/Game/Atlas/AtlasCoreBP/Harvest/Wood/WoodHarvestComponent_Fir.WoodHarvestComponent_Fir
WeepingCedar01_settings,/Game/Atlas/AtlasCoreBP/Harvest/Wood/WoodHarvestComponent_Fir.WoodHarvestComponent_Fir
WeepingCedar02_settings,/Game/Atlas/AtlasCoreBP/Harvest/Wood/WoodHarvestComponent_Fir.WoodHarvestComponent_Fir
YunnanCypress01_settings,/Game/Atlas/AtlasCoreBP/Harvest/Wood/WoodHarvestComponent_Fir.WoodHarvestComponent_Fir
YunnanCypress02_settings,/Game/Atlas/AtlasCoreBP/Harvest/Wood/WoodHarvestComponent_Fir.WoodHarvestComponent_Fir
BabyBog01_settings,/Game/Atlas/AtlasCoreBP/Harvest/Wood/WoodHarvestComponent_Sappling_Fir.WoodHarvestComponent_Sappling_Fir
BabyBog02_settings,/Game/Atlas/AtlasCoreBP/Harvest/Wood/WoodHarvestComponent_Sappling_Fir.WoodHarvestComponent_Sappling_Fir
BabyBog03_settings,/Game/Atlas/AtlasCoreBP/Harvest/Wood/WoodHarvestComponent_Sappling_Fir.WoodHarvestComponent_Sappling_Fir
Bamboo01_settings,/Game/Atlas/AtlasCoreBP/Harvest/Wood/WoodHarvestComponent_Sappling_Fir.WoodHarvestComponent_Sappling_Fir
Bamboo02_settings,/Game/Atlas/AtlasCoreBP/Harvest/Wood/WoodHarvestComponent_Sappling_Fir.WoodHarvestComponent_Sappling_Fir
DiviDivi_SM_settings,/Game/Atlas/AtlasCoreBP/Harvest/Wood/WoodHarvestComponent_Sappling_Fir.WoodHarvestComponent_Sappling_Fir
Joshua_Snowy_01_settings,/Game/Atlas/AtlasCoreBP/Harvest/Wood/WoodHarvestComponent_Sappling_Fir.WoodHarvestComponent_Sappling_Fir
Joshua_Snowy_02_settings,/Game/Atlas/AtlasCoreBP/Harvest/Wood/WoodHarvestComponent_Sappling_Fir.WoodHarvestComponent_Sappling_Fir
Joshua_Snowy_03_settings,/Game/Atlas/AtlasCoreBP/Harvest/Wood/WoodHarvestComponent_Sappling_Fir.WoodHarvestComponent_Sappling_Fir
SM_Alder_Sapling_settings,/Game/Atlas/AtlasCoreBP/Harvest/Wood/WoodHarvestComponent_Sappling_Fir.WoodHarvestComponent_Sappling_Fir
SM_Bamboo_settings,/Game/Atlas/AtlasCoreBP/Harvest/Wood/WoodHarvestComponent_Sappling_Fir.WoodHarvestComponent_Sappling_Fir
SM_BambooCluster_settings,/Game/Atlas/AtlasCoreBP/Harvest/Wood/WoodHarvestComponent_Sappling_Fir.WoodHarvestComponent_Sappling_Fir
SM_BananaTree_settings,/Game/Atlas/AtlasCoreBP/Harvest/Wood/WoodHarvestComponent_Sappling_Fir.WoodHarvestComponent_Sappling_Fir
SM_birch_gound_a_fall_settings,/Game/Atlas/AtlasCoreBP/Harvest/Wood/WoodHarvestComponent_Sappling_Fir.WoodHarvestComponent_Sappling_Fir
SM_birch_gound_b_fall_settings,/Game/Atlas/AtlasCoreBP/Harvest/Wood/WoodHarvestComponent_Sappling_Fir.WoodHarvestComponent_Sappling_Fir
SM_BogLog01_settings,/Game/Atlas/AtlasCoreBP/Harvest/Wood/WoodHarvestComponent_Sappling_Fir.WoodHarvestComponent_Sappling_Fir
SM_BogLog02_settings,/Game/Atlas/AtlasCoreBP/Harvest/Wood/WoodHarvestComponent_Sappling_Fir.WoodHarvestComponent_Sappling_Fir
SM_BogStump01_settings,/Game/Atlas/AtlasCoreBP/Harvest/Wood/WoodHarvestComponent_Sappling_Fir.WoodHarvestComponent_Sappling_Fir
SM_BogStump02_settings,/Game/Atlas/AtlasCoreBP/Harvest/Wood/WoodHarvestComponent_Sappling_Fir.WoodHarvestComponent_Sappling_Fir
SM_branch_a_settings,/Game/Atlas/AtlasCoreBP/Harvest/Wood/WoodHarvestComponent_Sappling_Fir.WoodHarvestComponent_Sappling_Fir
SM_branch_b_settings,/Game/Atlas/AtlasCoreBP/Harvest/Wood/WoodHarvestComponent_Sappling_Fir.WoodHarvestComponent_Sappling_Fir
SM_branch_c_settings,/Game/Atlas/AtlasCoreBP/Harvest/Wood/WoodHarvestComponent_Sappling_Fir.WoodHarvestComponent_Sappling_Fir
SM_Log_C_settings,/Game/Atlas/AtlasCoreBP/Harvest/Wood/WoodHarvestComponent_Sappling_Fir.WoodHarvestComponent_Sappling_Fir
SM_Log_D_settings,/Game/Atlas/AtlasCoreBP/Harvest/Wood/WoodHarvestComponent_Sappling_Fir.WoodHarvestComponent_Sappling_Fir
SM_Oak_Sapling_settings,/Game/Atlas/AtlasCoreBP/Harvest/Wood/WoodHarvestComponent_Sappling_Fir.WoodHarvestComponent_Sappling_Fir
SM_RainbowEucalyptusSapling_settings,/Game/Atlas/AtlasCoreBP/Harvest/Wood/WoodHarvestComponent_Sappling_Fir.WoodHarvestComponent_Sappling_Fir
SM_RedMapleSapling_settings,/Game/Atlas/AtlasCoreBP/Harvest/Wood/WoodHarvestComponent_Sappling_Fir.WoodHarvestComponent_Sappling_Fir
SM_Stump_A_Settings,/Game/Atlas/AtlasCoreBP/Harvest/Wood/WoodHarvestComponent_Sappling_Fir.WoodHarvestComponent_Sappling_Fir
SM_Stump_B_Settings,/Game/Atlas/AtlasCoreBP/Harvest/Wood/WoodHarvestComponent_Sappling_Fir.WoodHarvestComponent_Sappling_Fir
SM_WTS_Log_A_settings,/Game/Atlas/AtlasCoreBP/Harvest/Wood/WoodHarvestComponent_Sappling_Fir.WoodHarvestComponent_Sappling_Fir
SM_WTS_Log_B_settings,/Game/Atlas/AtlasCoreBP/Harvest/Wood/WoodHarvestComponent_Sappling_Fir.WoodHarvestComponent_Sappling_Fir
Sycamore_American_Sapling_3_settings,/Game/Atlas/AtlasCoreBP/Harvest/Wood/WoodHarvestComponent_Sappling_Fir.WoodHarvestComponent_Sappling_Fir
Sycamore_American_Seedling_settings,/Game/Atlas/AtlasCoreBP/Harvest/Wood/WoodHarvestComponent_Sappling_Fir.WoodHarvestComponent_Sappling_Fir