Acacia_Snowy_01_settings,/Game/Atlas/AtlasCoreBP/Harvest/Wood/WoodHarvestComponent_Freeport.WoodHarvestComponent_Freeport
Acacia_Snowy_02_settings,/Game/Atlas/AtlasCoreBP/Harvest/Wood/WoodHarvestComponent_Freeport.WoodHarvestComponent_Freeport
Acacia_Snowy_03_settings,/Game/Atlas/AtlasCoreBP/Harvest/Wood/WoodHarvestComponent_Freeport.WoodHarvestComponent_Freeport
Acacia01_settings,/Game/Atlas/AtlasCoreBP/Harvest/Wood/WoodHarvestComponent_Freeport.WoodHarvestComponent_Freeport
Acacia02_settings,/Game/Atlas/AtlasCoreBP/Harvest/Wood/WoodHarvestComponent_Freeport.WoodHarvestComponent_Freeport
Acacia03_settings,/Game/Atlas/AtlasCoreBP/Harvest/Wood/WoodHarvestComponent_Freeport.WoodHarvestComponent_Freeport
Alder_Field_settings,/Game/Atlas/AtlasCoreBP/Harvest/Wood/WoodHarvestComponent_Freeport.WoodHarvestComponent_Freeport
Alder_Forest_settings,/Game/Atlas/AtlasCoreBP/Harvest/Wood/WoodHarvestComponent_Freeport.WoodHarvestComponent_Freeport
Aleppo_1_settings,/Game/Atlas/AtlasCoreBP/Harvest/Wood/WoodHarvestComponent_Freeport.WoodHarvestComponent_Freeport
Aleppo_2_settings,/Game/Atlas/AtlasCoreBP/Harvest/Wood/WoodHarvestComponent_Freeport.WoodHarvestComponent_Freeport
Aleppo_3_settings,/Game/Atlas/AtlasCoreBP/Harvest/Wood/WoodHarvestComponent_Freeport.WoodHarvestComponent_Freeport
Aleppo_4_settings,/Game/Atlas/AtlasCoreBP/Harvest/Wood/WoodHarvestComponent_Freeport.WoodHarvestComponent_Freeport
BabyBog01_settings,/Game/Atlas/AtlasCoreBP/Harvest/Wood/WoodHarvestComponent_Sappling_Freeport.WoodHarvestComponent_Sappling_Freeport
BabyBog02_settings,/Game/Atlas/AtlasCoreBP/Harvest/Wood/WoodHarvestComponent_Sappling_Freeport.WoodHarvestComponent_Sappling_Freeport
BabyBog03_settings,/Game/Atlas/AtlasCoreBP/Harvest/Wood/WoodHarvestComponent_Sappling_Freeport.WoodHarvestComponent_Sappling_Freeport
Balsam01_settings,/Game/Atlas/AtlasCoreBP/Harvest/Wood/WoodHarvestComponent_Freeport.WoodHarvestComponent_Freeport
Balsam02_settings,/Game/Atlas/AtlasCoreBP/Harvest/Wood/WoodHarvestComponent_Freeport.WoodHarvestComponent_Freeport
Balsam03_settings,/Game/Atlas/AtlasCoreBP/Harvest/Wood/WoodHarvestComponent_Freeport.WoodHarvestComponent_Freeport
Balsam04_settings,/Game/Atlas/AtlasCoreBP/Harvest/Wood/WoodHarvestComponent_Freeport.WoodHarvestComponent_Freeport
Bamboo01_settings,/Game/Atlas/AtlasCoreBP/Harvest/Wood/WoodHarvestComponent_Sappling_Freeport.WoodHarvestComponent_Sappling_Freeport
Bamboo02_settings,/Game/Atlas/AtlasCoreBP/Harvest/Wood/WoodHarvestComponent_Sappling_Freeport.WoodHarvestComponent_Sappling_Freeport
BareBush01_settings,/Game/Atlas/AtlasCoreBP/Harvest/Fiber/FiberHarvestComponent_BASE.FiberHarvestComponent_BASE
BareTree01_settings,/Game/Atlas/AtlasCoreBP/Harvest/Wood/WoodHarvestComponent_Freeport.WoodHarvestComponent_Freeport
BareTree02_settings,/Game/Atlas/AtlasCoreBP/Harvest/Wood/WoodHarvestComponent_Freeport.WoodHarvestComponent_Freeport
BareTree03_settings,/Game/Atlas/AtlasCoreBP/Harvest/Wood/WoodHarvestComponent_Freeport.WoodHarvestComponent_Freeport
BareTree04_settings,/Game/Atlas/AtlasCoreBP/Harvest/Wood/WoodHarvestComponent_Freeport.WoodHarvestComponent_Freeport
BareTree05_settings,/Game/Atlas/AtlasCoreBP/Harvest/Wood/WoodHarvestComponent_Freeport.WoodHarvestComponent_Freeport
BareVine01_settings,/Game/Atlas/AtlasCoreBP/Harvest/Thatch/ThatchHarvestComponent_Freeport.ThatchHarvestComponent_Freeport
BareVine02_settings,/Game/Atlas/AtlasCoreBP/Harvest/Thatch/ThatchHarvestComponent_Freeport.ThatchHarvestComponent_Freeport
BigCactus_settings,/Game/Atlas/AtlasCoreBP/Harvest/TreeHarvest/TreeHarvestComponent_Cactus.TreeHarvestComponent_Cactus
BigCactus_settings,/Game/Atlas/AtlasCoreBP/Harvest/Wood/WoodHarvestComponent_Freeport.WoodHarvestComponent_Freeport
BiolumVine_settings,/Game/Atlas/AtlasCoreBP/Harvest/Thatch/ThatchHarvestComponent_Freeport.ThatchHarvestComponent_Freeport
BlueFir01_settings,/Game/Atlas/AtlasCoreBP/Harvest/Wood/WoodHarvestComponent_Freeport.WoodHarvestComponent_Freeport
BlueFir02_settings,/Game/Atlas/AtlasCoreBP/Harvest/Wood/WoodHarvestComponent_Freeport.WoodHarvestComponent_Freeport
BlueFir03_settings,/Game/Atlas/AtlasCoreBP/Harvest/Wood/WoodHarvestComponent_Freeport.WoodHarvestComponent_Freeport
Cactus_Snowy_01_settings,/Game/Atlas/AtlasCoreBP/Harvest/TreeHarvest/TreeHarvestComponent_Cactus.TreeHarvestComponent_Cactus
Cactus_Snowy_02_settings,/Game/Atlas/AtlasCoreBP/Harvest/TreeHarvest/TreeHarvestComponent_Cactus.TreeHarvestComponent_Cactus
Calcite_settings,/Game/Atlas/AtlasCoreBP/HarvestComponents/FreePort/CrystalHarvestComponent_BASE
Cedar1_settings,/Game/Atlas/AtlasCoreBP/Harvest/Wood/WoodHarvestComponent_Freeport.WoodHarvestComponent_Freeport
Cedar2_settings,/Game/Atlas/AtlasCoreBP/Harvest/Wood/WoodHarvestComponent_Freeport.WoodHarvestComponent_Freeport
Cedar3_settings,/Game/Atlas/AtlasCoreBP/Harvest/Wood/WoodHarvestComponent_Freeport.WoodHarvestComponent_Freeport
Cedar4_settings,/Game/Atlas/AtlasCoreBP/Harvest/Wood/WoodHarvestComponent_Freeport.WoodHarvestComponent_Freeport
Cocoa_settings,/Game/Atlas/AtlasCoreBP/Harvest/TreeHarvest/TreeHarvestComponent_Cocoa.TreeHarvestComponent_Cocoa
CorkOak1_settings,/Game/Atlas/AtlasCoreBP/Harvest/Wood/WoodHarvestComponent_Freeport.WoodHarvestComponent_Freeport
CorkOak2_settings,/Game/Atlas/AtlasCoreBP/Harvest/Wood/WoodHarvestComponent_Freeport.WoodHarvestComponent_Freeport
CorkOak3_settings,/Game/Atlas/AtlasCoreBP/Harvest/Wood/WoodHarvestComponent_Freeport.WoodHarvestComponent_Freeport
CorkOak4_settings,/Game/Atlas/AtlasCoreBP/Harvest/Wood/WoodHarvestComponent_Freeport.WoodHarvestComponent_Freeport
Cotton_settings,/Game/Atlas/AtlasCoreBP/Harvest/Fiber/FiberHarvestComponent_BASE.FiberHarvestComponent_BASE
DatePalm_settings,/Game/Atlas/AtlasCoreBP/Harvest/Wood/WoodHarvestComponent_Freeport.WoodHarvestComponent_Freeport
DatePalm01_settings,/Game/Atlas/AtlasCoreBP/Harvest/Wood/WoodHarvestComponent_Freeport.WoodHarvestComponent_Freeport
DatePalm02_settings,/Game/Atlas/AtlasCoreBP/Harvest/Wood/WoodHarvestComponent_Freeport.WoodHarvestComponent_Freeport
DatePalm03_settings,/Game/Atlas/AtlasCoreBP/Harvest/Wood/WoodHarvestComponent_Freeport.WoodHarvestComponent_Freeport
DatePalm2_settings,/Game/Atlas/AtlasCoreBP/Harvest/Wood/WoodHarvestComponent_Freeport.WoodHarvestComponent_Freeport
DatePalm3_settings,/Game/Atlas/AtlasCoreBP/Harvest/Wood/WoodHarvestComponent_Freeport.WoodHarvestComponent_Freeport
DeadEvergreen1_settings,/Game/Atlas/AtlasCoreBP/Harvest/Wood/WoodHarvestComponent_Freeport.WoodHarvestComponent_Freeport
DeadEvergreen2_settings,/Game/Atlas/AtlasCoreBP/Harvest/Wood/WoodHarvestComponent_Freeport.WoodHarvestComponent_Freeport
DesertMarigold01_settings,/Game/Atlas/AtlasCoreBP/Harvest/Fiber/FiberHarvestComponent_BASE.FiberHarvestComponent_BASE
DesertMarigold02_settings,/Game/Atlas/AtlasCoreBP/Harvest/Fiber/FiberHarvestComponent_BASE.FiberHarvestComponent_BASE
DesertMarigold03_settings,/Game/Atlas/AtlasCoreBP/Harvest/Fiber/FiberHarvestComponent_BASE.FiberHarvestComponent_BASE
DesertPalm01_settings,/Game/Atlas/AtlasCoreBP/Harvest/Wood/WoodHarvestComponent_Freeport.WoodHarvestComponent_Freeport
DesertPalm02_settings,/Game/Atlas/AtlasCoreBP/Harvest/Wood/WoodHarvestComponent_Freeport.WoodHarvestComponent_Freeport
DesertPalm03_settings,/Game/Atlas/AtlasCoreBP/Harvest/Wood/WoodHarvestComponent_Freeport.WoodHarvestComponent_Freeport
DesertPalmSnowy_01_settings,/Game/Atlas/AtlasCoreBP/Harvest/Wood/WoodHarvestComponent_Freeport.WoodHarvestComponent_Freeport
DesertPalmSnowy_02_settings,/Game/Atlas/AtlasCoreBP/Harvest/Wood/WoodHarvestComponent_Freeport.WoodHarvestComponent_Freeport
DesertPalmSnowy_03_settings,/Game/Atlas/AtlasCoreBP/Harvest/Wood/WoodHarvestComponent_Freeport.WoodHarvestComponent_Freeport
DesertPine_Clutter_settings,/Game/Atlas/AtlasCoreBP/Harvest/Fiber/FiberHarvestComponent_BASE.FiberHarvestComponent_BASE
DesertSage01_settings,/Game/Atlas/AtlasCoreBP/Harvest/Fiber/FiberHarvestComponent_BASE.FiberHarvestComponent_BASE
DesertSage02_settings,/Game/Atlas/AtlasCoreBP/Harvest/Fiber/FiberHarvestComponent_BASE.FiberHarvestComponent_BASE
DesertSage03_settings,/Game/Atlas/AtlasCoreBP/Harvest/Fiber/FiberHarvestComponent_BASE.FiberHarvestComponent_BASE
DiviDivi_SM_settings,/Game/Atlas/AtlasCoreBP/Harvest/Wood/WoodHarvestComponent_Sappling_Freeport.WoodHarvestComponent_Sappling_Freeport
Doum_Snowy_01_settings,/Game/Atlas/AtlasCoreBP/Harvest/Wood/WoodHarvestComponent_Freeport.WoodHarvestComponent_Freeport
Doum_Snowy_02_settings,/Game/Atlas/AtlasCoreBP/Harvest/Wood/WoodHarvestComponent_Freeport.WoodHarvestComponent_Freeport
DoumPalm01_settings,/Game/Atlas/AtlasCoreBP/Harvest/Wood/WoodHarvestComponent_Freeport.WoodHarvestComponent_Freeport
DoumPalm02_settings,/Game/Atlas/AtlasCoreBP/Harvest/Wood/WoodHarvestComponent_Freeport.WoodHarvestComponent_Freeport
DoumPalm03_settings,/Game/Atlas/AtlasCoreBP/Harvest/Wood/WoodHarvestComponent_Freeport.WoodHarvestComponent_Freeport
Duckweed01_settings,/Game/Atlas/AtlasCoreBP/Harvest/Fiber/FiberHarvestComponent_BASE.FiberHarvestComponent_BASE
DustedEvergreen1_settings,/Game/Atlas/AtlasCoreBP/Harvest/Wood/WoodHarvestComponent_Freeport.WoodHarvestComponent_Freeport
DustedEvergreen2_settings,/Game/Atlas/AtlasCoreBP/Harvest/Wood/WoodHarvestComponent_Freeport.WoodHarvestComponent_Freeport
DustedEvergreen3_settings,/Game/Atlas/AtlasCoreBP/Harvest/Wood/WoodHarvestComponent_Freeport.WoodHarvestComponent_Freeport
EasternBush01_settings,/Game/Atlas/AtlasCoreBP/Harvest/Fiber/FiberHarvestComponent_BASE.FiberHarvestComponent_BASE
EasternBush02_settings,/Game/Atlas/AtlasCoreBP/Harvest/Fiber/FiberHarvestComponent_BASE.FiberHarvestComponent_BASE
Ephedra_Snowy_01_settings,/Game/Atlas/AtlasCoreBP/Harvest/Fiber/FiberHarvestComponent_BASE.FiberHarvestComponent_BASE
Ephedra_Snowy_02_settings,/Game/Atlas/AtlasCoreBP/Harvest/Fiber/FiberHarvestComponent_BASE.FiberHarvestComponent_BASE
Ephedra01_settings,/Game/Atlas/AtlasCoreBP/Harvest/Fiber/FiberHarvestComponent_BASE.FiberHarvestComponent_BASE
Ephedra02_settings,/Game/Atlas/AtlasCoreBP/Harvest/Fiber/FiberHarvestComponent_BASE.FiberHarvestComponent_BASE
Evergreen1_settings,/Game/Atlas/AtlasCoreBP/Harvest/Wood/WoodHarvestComponent_Freeport.WoodHarvestComponent_Freeport
Evergreen2_settings,/Game/Atlas/AtlasCoreBP/Harvest/Wood/WoodHarvestComponent_Freeport.WoodHarvestComponent_Freeport
FanPalm_settings,/Game/Atlas/AtlasCoreBP/Harvest/Wood/WoodHarvestComponent_Freeport.WoodHarvestComponent_Freeport
FanPalm2_settings,/Game/Atlas/AtlasCoreBP/Harvest/Wood/WoodHarvestComponent_Freeport.WoodHarvestComponent_Freeport
Fig_Snowy_01_settings,/Game/Atlas/AtlasCoreBP/Harvest/Wood/WoodHarvestComponent_Freeport.WoodHarvestComponent_Freeport
Fig_Snowy_02_settings,/Game/Atlas/AtlasCoreBP/Harvest/Wood/WoodHarvestComponent_Freeport.WoodHarvestComponent_Freeport
Fig_Snowy_03_settings,/Game/Atlas/AtlasCoreBP/Harvest/Wood/WoodHarvestComponent_Freeport.WoodHarvestComponent_Freeport
Fig01_settings,/Game/Atlas/AtlasCoreBP/Harvest/Wood/WoodHarvestComponent_Freeport.WoodHarvestComponent_Freeport
Fig02_settings,/Game/Atlas/AtlasCoreBP/Harvest/Wood/WoodHarvestComponent_Freeport.WoodHarvestComponent_Freeport
Fig03_settings,/Game/Atlas/AtlasCoreBP/Harvest/Wood/WoodHarvestComponent_Freeport.WoodHarvestComponent_Freeport
Fir_settings,/Game/Atlas/AtlasCoreBP/Harvest/Wood/WoodHarvestComponent_Freeport.WoodHarvestComponent_Freeport
FlakeSalt1_settings,/Game/Atlas/AtlasCoreBP/HarvestComponents/FreePort/PreservativeHarvestComponent_Base
FlakeSalt2_settings,/Game/Atlas/AtlasCoreBP/HarvestComponents/FreePort/PreservativeHarvestComponent_Base
FloralTree_Field_settings,/Game/Atlas/AtlasCoreBP/Harvest/Wood/WoodHarvestComponent_Freeport.WoodHarvestComponent_Freeport
FloralTree_Forest_settings,/Game/Atlas/AtlasCoreBP/Harvest/Wood/WoodHarvestComponent_Freeport.WoodHarvestComponent_Freeport
Ginseng01_settings,/Game/Atlas/AtlasCoreBP/Harvest/Fiber/FiberHarvestComponent_BASE.FiberHarvestComponent_BASE
Ginseng02_settings,/Game/Atlas/AtlasCoreBP/Harvest/Fiber/FiberHarvestComponent_BASE.FiberHarvestComponent_BASE
Ginseng03_settings,/Game/Atlas/AtlasCoreBP/Harvest/Fiber/FiberHarvestComponent_BASE.FiberHarvestComponent_BASE
Hemp_settings,/Game/Atlas/AtlasCoreBP/Harvest/Fiber/FiberHarvestComponent_BASE.FiberHarvestComponent_BASE
Herkimer_settings,/Game/Atlas/AtlasCoreBP/HarvestComponents/FreePort/CrystalHarvestComponent_BASE
Iodine1_settings,/Game/Atlas/AtlasCoreBP/HarvestComponents/FreePort/PreservativeHarvestComponent_Base
ItalianCypress_settings,/Game/Atlas/AtlasCoreBP/Harvest/Wood/WoodHarvestComponent_Freeport.WoodHarvestComponent_Freeport
ItalianCypress2_settings,/Game/Atlas/AtlasCoreBP/Harvest/Wood/WoodHarvestComponent_Freeport.WoodHarvestComponent_Freeport
JapanesePine_field_settings,/Game/Atlas/AtlasCoreBP/Harvest/Wood/WoodHarvestComponent_Freeport.WoodHarvestComponent_Freeport
JapanesePine_Snow_01_settings,/Game/Atlas/AtlasCoreBP/Harvest/Wood/WoodHarvestComponent_Freeport.WoodHarvestComponent_Freeport
JapanesePine_Snow_02_settings,/Game/Atlas/AtlasCoreBP/Harvest/Wood/WoodHarvestComponent_Freeport.WoodHarvestComponent_Freeport
Joshua_Snowy_01_settings,/Game/Atlas/AtlasCoreBP/Harvest/Wood/WoodHarvestComponent_Sappling_Freeport.WoodHarvestComponent_Sappling_Freeport
Joshua_Snowy_02_settings,/Game/Atlas/AtlasCoreBP/Harvest/Wood/WoodHarvestComponent_Sappling_Freeport.WoodHarvestComponent_Sappling_Freeport
Joshua_Snowy_03_settings,/Game/Atlas/AtlasCoreBP/Harvest/Wood/WoodHarvestComponent_Sappling_Freeport.WoodHarvestComponent_Sappling_Freeport
Joshua01_settings,/Game/Atlas/AtlasCoreBP/Harvest/Wood/WoodHarvestComponent_Freeport.WoodHarvestComponent_Freeport
Joshua02_settings,/Game/Atlas/AtlasCoreBP/Harvest/Wood/WoodHarvestComponent_Freeport.WoodHarvestComponent_Freeport
Joshua03_settings,/Game/Atlas/AtlasCoreBP/Harvest/Wood/WoodHarvestComponent_Freeport.WoodHarvestComponent_Freeport
Judas1_settings,/Game/Atlas/AtlasCoreBP/Harvest/Wood/WoodHarvestComponent_Freeport.WoodHarvestComponent_Freeport
Judas2_settings,/Game/Atlas/AtlasCoreBP/Harvest/Wood/WoodHarvestComponent_Freeport.WoodHarvestComponent_Freeport
Judas3_settings,/Game/Atlas/AtlasCoreBP/Harvest/Wood/WoodHarvestComponent_Freeport.WoodHarvestComponent_Freeport
Judas4_settings,/Game/Atlas/AtlasCoreBP/Harvest/Wood/WoodHarvestComponent_Freeport.WoodHarvestComponent_Freeport
JungleTree_Field_settings,/Game/Atlas/AtlasCoreBP/Harvest/Wood/WoodHarvestComponent_Freeport.WoodHarvestComponent_Freeport
JungleTree_Forest_settings,/Game/Atlas/AtlasCoreBP/Harvest/Wood/WoodHarvestComponent_Freeport.WoodHarvestComponent_Freeport
JungleTree01_settings,/Game/Atlas/AtlasCoreBP/Harvest/Wood/WoodHarvestComponent_Freeport.WoodHarvestComponent_Freeport
JungleTree02_settings,/Game/Atlas/AtlasCoreBP/Harvest/Wood/WoodHarvestComponent_Freeport.WoodHarvestComponent_Freeport
Juniper_settings,/Game/Atlas/AtlasCoreBP/Harvest/Wood/WoodHarvestComponent_Freeport.WoodHarvestComponent_Freeport
Juniper2_settings,/Game/Atlas/AtlasCoreBP/Harvest/Wood/WoodHarvestComponent_Freeport.WoodHarvestComponent_Freeport
Juniper3_settings,/Game/Atlas/AtlasCoreBP/Harvest/Wood/WoodHarvestComponent_Freeport.WoodHarvestComponent_Freeport
Juniper4_settings,/Game/Atlas/AtlasCoreBP/Harvest/Wood/WoodHarvestComponent_Freeport.WoodHarvestComponent_Freeport
LargeBranch01_settings,/Game/Atlas/AtlasCoreBP/Harvest/Wood/WoodHarvestComponent_Freeport.WoodHarvestComponent_Freeport
LargeVine_settings,/Game/Atlas/AtlasCoreBP/Harvest/Thatch/ThatchHarvestComponent_Freeport.ThatchHarvestComponent_Freeport
Latex01_settings,/Game/Atlas/AtlasCoreBP/Harvest/Fiber/FiberHarvestComponent_BASE.FiberHarvestComponent_BASE
Latex02_settings,/Game/Atlas/AtlasCoreBP/Harvest/Fiber/FiberHarvestComponent_BASE.FiberHarvestComponent_BASE
LeafyVine01_settings,/Game/Atlas/AtlasCoreBP/Harvest/Thatch/ThatchHarvestComponent_Freeport.ThatchHarvestComponent_Freeport
LeafyVine02_settings,/Game/Atlas/AtlasCoreBP/Harvest/Thatch/ThatchHarvestComponent_Freeport.ThatchHarvestComponent_Freeport
Lignite_settings,/Game/Atlas/AtlasCoreBP/HarvestComponents/FreePort/CoalHarvestComponent_BASE
LimeTree_settings,/Game/Atlas/AtlasCoreBP/Harvest/TreeHarvest/TreeHarvestComponent_Lime.TreeHarvestComponent_Lime
LRock01_settings,/Game/Mods/2783113712/Foliage/StoneFlintMetal/StoneFlintMetalHarvestComponent_Huge_BASE.StoneFlintMetalHarvestComponent_Huge_BASE
LRock02_settings,/Game/Mods/2783113712/Foliage/StoneFlintMetal/StoneFlintMetalHarvestComponent_Huge_BASE.StoneFlintMetalHarvestComponent_Huge_BASE
LRock03_settings,/Game/Mods/2783113712/Foliage/StoneFlintMetal/StoneFlintMetalHarvestComponent_Huge_BASE.StoneFlintMetalHarvestComponent_Huge_BASE
Magaria01_settings,/Game/Atlas/AtlasCoreBP/Harvest/Wood/WoodHarvestComponent_Freeport.WoodHarvestComponent_Freeport
Magaria02_settings,/Game/Atlas/AtlasCoreBP/Harvest/Wood/WoodHarvestComponent_Freeport.WoodHarvestComponent_Freeport
Magaria03_settings,/Game/Atlas/AtlasCoreBP/Harvest/Wood/WoodHarvestComponent_Freeport.WoodHarvestComponent_Freeport
Mangrove_A_settings,/Game/Atlas/AtlasCoreBP/Harvest/Wood/WoodHarvestComponent_Freeport.WoodHarvestComponent_Freeport
Mangrove_B_settings,/Game/Atlas/AtlasCoreBP/Harvest/Wood/WoodHarvestComponent_Freeport.WoodHarvestComponent_Freeport
Mangrove_C_settings,/Game/Atlas/AtlasCoreBP/Harvest/Wood/WoodHarvestComponent_Freeport.WoodHarvestComponent_Freeport
Marble_settings,/Game/Mods/2783113712/Foliage/StoneFlintMetal/StoneFlintMetalHarvestComponent_Standard_BASE.StoneFlintMetalHarvestComponent_Standard_BASE
MediumVine_settings,/Game/Atlas/AtlasCoreBP/Harvest/Thatch/ThatchHarvestComponent_Freeport.ThatchHarvestComponent_Freeport
MountainAsh01_settings,/Game/Atlas/AtlasCoreBP/Harvest/Wood/WoodHarvestComponent_Freeport.WoodHarvestComponent_Freeport
MountainAsh02_settings,/Game/Atlas/AtlasCoreBP/Harvest/Wood/WoodHarvestComponent_Freeport.WoodHarvestComponent_Freeport
MountainAsh03_settings,/Game/Atlas/AtlasCoreBP/Harvest/Wood/WoodHarvestComponent_Freeport.WoodHarvestComponent_Freeport
MountainHemlock01_settings,/Game/Atlas/AtlasCoreBP/Harvest/Wood/WoodHarvestComponent_Freeport.WoodHarvestComponent_Freeport
MountainHemlock02_settings,/Game/Atlas/AtlasCoreBP/Harvest/Wood/WoodHarvestComponent_Freeport.WoodHarvestComponent_Freeport
MRock_01_settings,/Game/Mods/2783113712/Foliage/StoneFlintMetal/StoneFlintMetalHarvestComponent_Large_BASE.StoneFlintMetalHarvestComponent_Large_BASE
MRock_02_settings,/Game/Mods/2783113712/Foliage/StoneFlintMetal/StoneFlintMetalHarvestComponent_Large_BASE.StoneFlintMetalHarvestComponent_Large_BASE
MRock_03_settings,/Game/Mods/2783113712/Foliage/StoneFlintMetal/StoneFlintMetalHarvestComponent_Large_BASE.StoneFlintMetalHarvestComponent_Large_BASE
NeedlePalm01_settings,/Game/Atlas/AtlasCoreBP/Harvest/Wood/WoodHarvestComponent_Freeport.WoodHarvestComponent_Freeport
NeedlePalm02_settings,/Game/Atlas/AtlasCoreBP/Harvest/Wood/WoodHarvestComponent_Freeport.WoodHarvestComponent_Freeport
NeedlePalm03_settings,/Game/Atlas/AtlasCoreBP/Harvest/Wood/WoodHarvestComponent_Freeport.WoodHarvestComponent_Freeport
NordicFern01_settings,/Game/Atlas/AtlasCoreBP/Harvest/Fiber/FiberHarvestComponent_BASE.FiberHarvestComponent_BASE
NordicFern02_settings,/Game/Atlas/AtlasCoreBP/Harvest/Fiber/FiberHarvestComponent_BASE.FiberHarvestComponent_BASE
Oak_settings,/Game/Atlas/AtlasCoreBP/Harvest/Wood/WoodHarvestComponent_Freeport.WoodHarvestComponent_Freeport
Oleander_settings,/Game/Atlas/AtlasCoreBP/Harvest/Wood/WoodHarvestComponent_Freeport.WoodHarvestComponent_Freeport
Oleander2_settings,/Game/Atlas/AtlasCoreBP/Harvest/Wood/WoodHarvestComponent_Freeport.WoodHarvestComponent_Freeport
Oleander3_settings,/Game/Atlas/AtlasCoreBP/Harvest/Wood/WoodHarvestComponent_Freeport.WoodHarvestComponent_Freeport
Olive1_settings,/Game/Atlas/AtlasCoreBP/Harvest/Wood/WoodHarvestComponent_Freeport.WoodHarvestComponent_Freeport
Olive2_settings,/Game/Atlas/AtlasCoreBP/Harvest/Wood/WoodHarvestComponent_Freeport.WoodHarvestComponent_Freeport
Olive3_settings,/Game/Atlas/AtlasCoreBP/Harvest/Wood/WoodHarvestComponent_Freeport.WoodHarvestComponent_Freeport
OrangeSmokeBush_settings,/Game/Atlas/AtlasCoreBP/Harvest/Fiber/FiberHarvestComponent_BASE.FiberHarvestComponent_BASE
OrangeTreeA_settings,/Game/Atlas/AtlasCoreBP/Harvest/Wood/WoodHarvestComponent_Freeport.WoodHarvestComponent_Freeport
OrangeTreeB_settings,/Game/Atlas/AtlasCoreBP/Harvest/Wood/WoodHarvestComponent_Freeport.WoodHarvestComponent_Freeport
OrangeTreeC_settings,/Game/Atlas/AtlasCoreBP/Harvest/Wood/WoodHarvestComponent_Freeport.WoodHarvestComponent_Freeport
Palm_Snowy_01_settings,/Game/Atlas/AtlasCoreBP/Harvest/Wood/WoodHarvestComponent_Freeport.WoodHarvestComponent_Freeport
Palm_Snowy_02_settings,/Game/Atlas/AtlasCoreBP/Harvest/Wood/WoodHarvestComponent_Freeport.WoodHarvestComponent_Freeport
Palm_Snowy_03_settings,/Game/Atlas/AtlasCoreBP/Harvest/Wood/WoodHarvestComponent_Freeport.WoodHarvestComponent_Freeport
Palmetto_Sabal_settings,/Game/Atlas/AtlasCoreBP/Harvest/Wood/WoodHarvestComponent_Freeport.WoodHarvestComponent_Freeport
PalmPlant_Cluster_SM_settings,/Game/Atlas/AtlasCoreBP/Harvest/Fiber/FiberHarvestComponent_BASE.FiberHarvestComponent_BASE
Palo_Snowy_01_settings,/Game/Atlas/AtlasCoreBP/Harvest/Wood/WoodHarvestComponent_Freeport.WoodHarvestComponent_Freeport
Palo_Snowy_02_settings,/Game/Atlas/AtlasCoreBP/Harvest/Wood/WoodHarvestComponent_Freeport.WoodHarvestComponent_Freeport
Palo_Snowy_03_settings,/Game/Atlas/AtlasCoreBP/Harvest/Wood/WoodHarvestComponent_Freeport.WoodHarvestComponent_Freeport
Palo_Snowy_04_settings,/Game/Atlas/AtlasCoreBP/Harvest/Wood/WoodHarvestComponent_Freeport.WoodHarvestComponent_Freeport
Panicum01_settings,/Game/Atlas/AtlasCoreBP/Harvest/Fiber/FiberHarvestComponent_BASE.FiberHarvestComponent_BASE
Panicum02_settings,/Game/Atlas/AtlasCoreBP/Harvest/Fiber/FiberHarvestComponent_BASE.FiberHarvestComponent_BASE
Panicum03_settings,/Game/Atlas/AtlasCoreBP/Harvest/Fiber/FiberHarvestComponent_BASE.FiberHarvestComponent_BASE
Papyrus_Snowy_01_settings,/Game/Atlas/AtlasCoreBP/Harvest/Fiber/FiberHarvestComponent_BASE.FiberHarvestComponent_BASE
Papyrus_Snowy_02_settings,/Game/Atlas/AtlasCoreBP/Harvest/Fiber/FiberHarvestComponent_BASE.FiberHarvestComponent_BASE
Papyrus_Snowy_03_settings,/Game/Atlas/AtlasCoreBP/Harvest/Fiber/FiberHarvestComponent_BASE.FiberHarvestComponent_BASE
Papyrus01_settings,/Game/Atlas/AtlasCoreBP/Harvest/Fiber/FiberHarvestComponent_BASE.FiberHarvestComponent_BASE
Papyrus02_settings,/Game/Atlas/AtlasCoreBP/Harvest/Fiber/FiberHarvestComponent_BASE.FiberHarvestComponent_BASE
Papyrus03_settings,/Game/Atlas/AtlasCoreBP/Harvest/Fiber/FiberHarvestComponent_BASE.FiberHarvestComponent_BASE
Paulownia01_settings,/Game/Atlas/AtlasCoreBP/Harvest/Wood/WoodHarvestComponent_Freeport.WoodHarvestComponent_Freeport
Paulownia02_settings,/Game/Atlas/AtlasCoreBP/Harvest/Wood/WoodHarvestComponent_Freeport.WoodHarvestComponent_Freeport
Paulownia03_settings,/Game/Atlas/AtlasCoreBP/Harvest/Wood/WoodHarvestComponent_Freeport.WoodHarvestComponent_Freeport
Paulownia04_settings,/Game/Atlas/AtlasCoreBP/Harvest/Wood/WoodHarvestComponent_Freeport.WoodHarvestComponent_Freeport
Pine_A_settings,/Game/Atlas/AtlasCoreBP/Harvest/Wood/WoodHarvestComponent_Freeport.WoodHarvestComponent_Freeport
Pine_B_settings,/Game/Atlas/AtlasCoreBP/Harvest/Wood/WoodHarvestComponent_Freeport.WoodHarvestComponent_Freeport
Pine_C_settings,/Game/Atlas/AtlasCoreBP/Harvest/Wood/WoodHarvestComponent_Freeport.WoodHarvestComponent_Freeport
Pine_D_settings,/Game/Atlas/AtlasCoreBP/Harvest/Wood/WoodHarvestComponent_Freeport.WoodHarvestComponent_Freeport
Pine_E_settings,/Game/Atlas/AtlasCoreBP/Harvest/Wood/WoodHarvestComponent_Freeport.WoodHarvestComponent_Freeport
Pine_F_settings,/Game/Atlas/AtlasCoreBP/Harvest/Wood/WoodHarvestComponent_Freeport.WoodHarvestComponent_Freeport
Pine_G_settings,/Game/Atlas/AtlasCoreBP/Harvest/Wood/WoodHarvestComponent_Freeport.WoodHarvestComponent_Freeport
Pine_settings,/Game/Atlas/AtlasCoreBP/Harvest/Wood/WoodHarvestComponent_Freeport.WoodHarvestComponent_Freeport
PineBush_settings,/Game/Atlas/AtlasCoreBP/Harvest/Fiber/FiberHarvestComponent_BASE.FiberHarvestComponent_BASE
PipeCactus01_settings,/Game/Atlas/AtlasCoreBP/Harvest/TreeHarvest/TreeHarvestComponent_Cactus.TreeHarvestComponent_Cactus
PipeCactus02_settings,/Game/Atlas/AtlasCoreBP/Harvest/TreeHarvest/TreeHarvestComponent_Cactus.TreeHarvestComponent_Cactus
PipeCactus03_settings,/Game/Atlas/AtlasCoreBP/Harvest/TreeHarvest/TreeHarvestComponent_Cactus.TreeHarvestComponent_Cactus
Poplar_settings,/Game/Atlas/AtlasCoreBP/Harvest/Wood/WoodHarvestComponent_Freeport.WoodHarvestComponent_Freeport
PricklyPear_Snowy_settings,/Game/Atlas/AtlasCoreBP/Harvest/TreeHarvest/TreeHarvestComponent_Cactus.TreeHarvestComponent_Cactus
PricklyPear_Snowy_settings,/Game/Atlas/AtlasCoreBP/Harvest/Wood/WoodHarvestComponent_Freeport.WoodHarvestComponent_Freeport
PricklyPear_Snowy_settings_02,/Game/Atlas/AtlasCoreBP/Harvest/TreeHarvest/TreeHarvestComponent_Cactus.TreeHarvestComponent_Cactus
PricklyPear_Snowy_settings_02,/Game/Atlas/AtlasCoreBP/Harvest/Wood/WoodHarvestComponent_Freeport.WoodHarvestComponent_Freeport
RedMaple01_settings,/Game/Atlas/AtlasCoreBP/Harvest/Wood/WoodHarvestComponent_Freeport.WoodHarvestComponent_Freeport
RedMaple02_settings,/Game/Atlas/AtlasCoreBP/Harvest/Wood/WoodHarvestComponent_Freeport.WoodHarvestComponent_Freeport
RedMaple03_settings,/Game/Atlas/AtlasCoreBP/Harvest/Wood/WoodHarvestComponent_Freeport.WoodHarvestComponent_Freeport
RedMaple04_settings,/Game/Atlas/AtlasCoreBP/Harvest/Wood/WoodHarvestComponent_Freeport.WoodHarvestComponent_Freeport
RedSmokeBush_settings,/Game/Atlas/AtlasCoreBP/Harvest/Fiber/FiberHarvestComponent_BASE.FiberHarvestComponent_BASE
RedSmokeBush_settings,/Game/Atlas/AtlasCoreBP/Harvest/Sap/SapHarvestComponent_Latex.SapHarvestComponent_Latex
RedSmokeBush_settings,/Game/Atlas/AtlasCoreBP/Harvest/Sap/SapHarvestComponent_Resin.SapHarvestComponent_Resin
Reeds1_settings,/Game/Atlas/AtlasCoreBP/Harvest/Thatch/ThatchHarvestComponent_Freeport.ThatchHarvestComponent_Freeport
Reeds2_settings,/Game/Atlas/AtlasCoreBP/Harvest/Thatch/ThatchHarvestComponent_Freeport.ThatchHarvestComponent_Freeport
Rock_Large_Tropics_A_Settings,/Game/Mods/2783113712/Foliage/StoneFlintMetal/StoneFlintMetalHarvestComponent_Large_BASE.StoneFlintMetalHarvestComponent_Large_BASE
Rock_Large_Tropics_B_Settings,/Game/Mods/2783113712/Foliage/StoneFlintMetal/StoneFlintMetalHarvestComponent_Large_BASE.StoneFlintMetalHarvestComponent_Large_BASE
RockGroup01_settings,/Game/Mods/2783113712/Foliage/StoneFlintMetal/StoneFlintMetalHarvestComponent_Large_BASE.StoneFlintMetalHarvestComponent_Large_BASE
Roots_settings,/Game/Atlas/AtlasCoreBP/Harvest/Thatch/ThatchHarvestComponent_Freeport.ThatchHarvestComponent_Freeport
SaguroCactus_Snowy_01_settings,/Game/Atlas/AtlasCoreBP/Harvest/TreeHarvest/TreeHarvestComponent_Cactus.TreeHarvestComponent_Cactus
SaguroCactus_Snowy_01_settings,/Game/Atlas/AtlasCoreBP/Harvest/Wood/WoodHarvestComponent_Freeport.WoodHarvestComponent_Freeport
SaguroCactus_Snowy_02_settings,/Game/Atlas/AtlasCoreBP/Harvest/TreeHarvest/TreeHarvestComponent_Cactus.TreeHarvestComponent_Cactus
SaguroCactus_Snowy_02_settings,/Game/Atlas/AtlasCoreBP/Harvest/Wood/WoodHarvestComponent_Freeport.WoodHarvestComponent_Freeport
Sandstone_settings,/Game/Mods/2783113712/Foliage/StoneFlintMetal/StoneFlintMetalHarvestComponent_Standard_BASE.StoneFlintMetalHarvestComponent_Standard_BASE
SeaGrapes_settings,/Game/Atlas/AtlasCoreBP/Harvest/TreeHarvest/TreeHarvestComponent_SeaGrape.TreeHarvestComponent_SeaGrape
SeaGrapes_settings,/Game/Atlas/AtlasCoreBP/Harvest/Wood/WoodHarvestComponent_Freeport.WoodHarvestComponent_Freeport
Seaweed_A1_settings,/Game/Atlas/AtlasCoreBP/Harvest/Fiber/FiberHarvestComponent_BASE.FiberHarvestComponent_BASE
Seaweed_A2_settings,/Game/Atlas/AtlasCoreBP/Harvest/Fiber/FiberHarvestComponent_BASE.FiberHarvestComponent_BASE
Seaweed_A3_settings,/Game/Atlas/AtlasCoreBP/Harvest/Fiber/FiberHarvestComponent_BASE.FiberHarvestComponent_BASE
Seaweed_A4_settings,/Game/Atlas/AtlasCoreBP/Harvest/Fiber/FiberHarvestComponent_BASE.FiberHarvestComponent_BASE
Seaweed_B1_settings,/Game/Atlas/AtlasCoreBP/Harvest/Fiber/FiberHarvestComponent_BASE.FiberHarvestComponent_BASE
Seaweed_B2_settings,/Game/Atlas/AtlasCoreBP/Harvest/Fiber/FiberHarvestComponent_BASE.FiberHarvestComponent_BASE
Seaweed_B3_settings,/Game/Atlas/AtlasCoreBP/Harvest/Fiber/FiberHarvestComponent_BASE.FiberHarvestComponent_BASE
Seaweed_B4_settings,/Game/Atlas/AtlasCoreBP/Harvest/Fiber/FiberHarvestComponent_BASE.FiberHarvestComponent_BASE
Silk01_settings,/Game/Atlas/AtlasCoreBP/Harvest/Wood/WoodHarvestComponent_Freeport.WoodHarvestComponent_Freeport
Silk02_settings,/Game/Atlas/AtlasCoreBP/Harvest/Wood/WoodHarvestComponent_Freeport.WoodHarvestComponent_Freeport
SM_AcaiPalm_settings,/Game/Atlas/AtlasCoreBP/Harvest/Wood/WoodHarvestComponent_Freeport.WoodHarvestComponent_Freeport
SM_AfricanPeyote01_settings,/Game/Atlas/AtlasCoreBP/Harvest/TreeHarvest/TreeHarvestComponent_Cactus.TreeHarvestComponent_Cactus
SM_AfricanPeyote01_settings,/Game/Atlas/AtlasCoreBP/Harvest/Wood/WoodHarvestComponent_Freeport.WoodHarvestComponent_Freeport
SM_AfricanPeyote02_settings,/Game/Atlas/AtlasCoreBP/Harvest/TreeHarvest/TreeHarvestComponent_Cactus.TreeHarvestComponent_Cactus
SM_AfricanPeyote02_settings,/Game/Atlas/AtlasCoreBP/Harvest/Wood/WoodHarvestComponent_Freeport.WoodHarvestComponent_Freeport
SM_Alder_Sapling_settings,/Game/Atlas/AtlasCoreBP/Harvest/Wood/WoodHarvestComponent_Sappling_Freeport.WoodHarvestComponent_Sappling_Freeport
SM_Amaryllis_03_settings,/Game/Atlas/AtlasCoreBP/Harvest/Fiber/FiberHarvestComponent_BASE.FiberHarvestComponent_BASE
SM_Amaryllis_05_settings,/Game/Atlas/AtlasCoreBP/Harvest/Fiber/FiberHarvestComponent_BASE.FiberHarvestComponent_BASE
SM_Amaryllis_06_settings,/Game/Atlas/AtlasCoreBP/Harvest/Fiber/FiberHarvestComponent_BASE.FiberHarvestComponent_BASE
SM_Amaryllis_08_settings,/Game/Atlas/AtlasCoreBP/Harvest/Fiber/FiberHarvestComponent_BASE.FiberHarvestComponent_BASE
SM_AncientBlackwood_Dead01_settings,/Game/Atlas/AtlasCoreBP/Harvest/Wood/WoodHarvestComponent_Freeport.WoodHarvestComponent_Freeport
SM_AncientBlackwood_Dead02_settings,/Game/Atlas/AtlasCoreBP/Harvest/Wood/WoodHarvestComponent_Freeport.WoodHarvestComponent_Freeport
SM_AncientBlackwood_Dead03_settings,/Game/Atlas/AtlasCoreBP/Harvest/Wood/WoodHarvestComponent_Freeport.WoodHarvestComponent_Freeport
SM_Anthrocite_01_settings,/Game/Atlas/AtlasCoreBP/HarvestComponents/FreePort/CoalHarvestComponent_BASE
SM_Anthrocite_02_settings,/Game/Atlas/AtlasCoreBP/HarvestComponents/FreePort/CoalHarvestComponent_BASE
SM_ArcticRock_Huge_A_settings,/Game/Mods/2783113712/Foliage/StoneFlintMetal/StoneFlintMetalHarvestComponent_Huge_BASE.StoneFlintMetalHarvestComponent_Huge_BASE
SM_ArcticRock_Huge_B_settings,/Game/Mods/2783113712/Foliage/StoneFlintMetal/StoneFlintMetalHarvestComponent_Huge_BASE.StoneFlintMetalHarvestComponent_Huge_BASE
SM_ArcticRock_Lrg_A_settings,/Game/Mods/2783113712/Foliage/StoneFlintMetal/StoneFlintMetalHarvestComponent_Large_BASE.StoneFlintMetalHarvestComponent_Large_BASE
SM_ArcticRock_Lrg_B_settings,/Game/Mods/2783113712/Foliage/StoneFlintMetal/StoneFlintMetalHarvestComponent_Large_BASE.StoneFlintMetalHarvestComponent_Large_BASE
SM_ArcticRock_Med_A_settings,/Game/Mods/2783113712/Foliage/StoneFlintMetal/StoneFlintMetalHarvestComponent_Standard_BASE.StoneFlintMetalHarvestComponent_Standard_BASE
SM_ArcticRock_Med_B_settings,/Game/Mods/2783113712/Foliage/StoneFlintMetal/StoneFlintMetalHarvestComponent_Standard_BASE.StoneFlintMetalHarvestComponent_Standard_BASE
SM_ArcticRock_Sml_A_settings,/Game/Mods/2783113712/Foliage/StoneFlintMetal/StoneFlintMetalHarvestComponent_Small_BASE.StoneFlintMetalHarvestComponent_Small_BASE
SM_ArcticRock_Sml_B_settings,/Game/Mods/2783113712/Foliage/StoneFlintMetal/StoneFlintMetalHarvestComponent_Small_BASE.StoneFlintMetalHarvestComponent_Small_BASE
SM_ArcticRock_Sml_C_settings,/Game/Mods/2783113712/Foliage/StoneFlintMetal/StoneFlintMetalHarvestComponent_Small_BASE.StoneFlintMetalHarvestComponent_Small_BASE
SM_ArcticRock_Sml_D_settings,/Game/Mods/2783113712/Foliage/StoneFlintMetal/StoneFlintMetalHarvestComponent_Small_BASE.StoneFlintMetalHarvestComponent_Small_BASE
SM_ArcticRock_Sml_E_settings,/Game/Mods/2783113712/Foliage/StoneFlintMetal/StoneFlintMetalHarvestComponent_Small_BASE.StoneFlintMetalHarvestComponent_Small_BASE
SM_Bamboo_settings,/Game/Atlas/AtlasCoreBP/Harvest/Wood/WoodHarvestComponent_Sappling_Freeport.WoodHarvestComponent_Sappling_Freeport
SM_BambooCluster_settings,/Game/Atlas/AtlasCoreBP/Harvest/Wood/WoodHarvestComponent_Sappling_Freeport.WoodHarvestComponent_Sappling_Freeport
SM_BananaTree_settings,/Game/Atlas/AtlasCoreBP/Harvest/Wood/WoodHarvestComponent_Sappling_Freeport.WoodHarvestComponent_Sappling_Freeport
SM_Basalt_settings,/Game/Atlas/AtlasCoreBP/HarvestComponents/FreePort/FlintHarvestComponent_BASE
SM_BeachPurslaneDebrisA_settings,/Game/Atlas/AtlasCoreBP/Harvest/Thatch/ThatchHarvestComponent_Freeport.ThatchHarvestComponent_Freeport
SM_BeachPurslaneDebrisB_settings,/Game/Atlas/AtlasCoreBP/Harvest/Thatch/ThatchHarvestComponent_Freeport.ThatchHarvestComponent_Freeport
SM_birch_a_fall_settings,/Game/Atlas/AtlasCoreBP/Harvest/Wood/WoodHarvestComponent_Freeport.WoodHarvestComponent_Freeport
SM_birch_b_fall_settings,/Game/Atlas/AtlasCoreBP/Harvest/Wood/WoodHarvestComponent_Freeport.WoodHarvestComponent_Freeport
SM_birch_c_fall_settings,/Game/Atlas/AtlasCoreBP/Harvest/Wood/WoodHarvestComponent_Freeport.WoodHarvestComponent_Freeport
SM_birch_d_fall_settings,/Game/Atlas/AtlasCoreBP/Harvest/Wood/WoodHarvestComponent_Freeport.WoodHarvestComponent_Freeport
SM_birch_g_fall_settings,/Game/Atlas/AtlasCoreBP/Harvest/Wood/WoodHarvestComponent_Freeport.WoodHarvestComponent_Freeport
SM_birch_gound_a_fall_settings,/Game/Atlas/AtlasCoreBP/Harvest/Wood/WoodHarvestComponent_Sappling_Freeport.WoodHarvestComponent_Sappling_Freeport
SM_birch_gound_b_fall_settings,/Game/Atlas/AtlasCoreBP/Harvest/Wood/WoodHarvestComponent_Sappling_Freeport.WoodHarvestComponent_Sappling_Freeport
SM_birch_ground_leaves_a_fall_settings,/Game/Atlas/AtlasCoreBP/Harvest/Thatch/ThatchHarvestComponent_Freeport.ThatchHarvestComponent_Freeport
SM_birch_ground_leaves_b_fall_settings,/Game/Atlas/AtlasCoreBP/Harvest/Thatch/ThatchHarvestComponent_Freeport.ThatchHarvestComponent_Freeport
SM_Blackwood_01_settings,/Game/Atlas/AtlasCoreBP/Harvest/Wood/WoodHarvestComponent_Freeport.WoodHarvestComponent_Freeport
SM_Blackwood_02_settings,/Game/Atlas/AtlasCoreBP/Harvest/Wood/WoodHarvestComponent_Freeport.WoodHarvestComponent_Freeport
SM_Blackwood_03_settings,/Game/Atlas/AtlasCoreBP/Harvest/Wood/WoodHarvestComponent_Freeport.WoodHarvestComponent_Freeport
SM_Blackwood_04_settings,/Game/Atlas/AtlasCoreBP/Harvest/Wood/WoodHarvestComponent_Freeport.WoodHarvestComponent_Freeport
SM_Blackwood_05_settings,/Game/Atlas/AtlasCoreBP/Harvest/Wood/WoodHarvestComponent_Freeport.WoodHarvestComponent_Freeport
SM_BogLog01_settings,/Game/Atlas/AtlasCoreBP/Harvest/Wood/WoodHarvestComponent_Sappling_Freeport.WoodHarvestComponent_Sappling_Freeport
SM_BogLog02_settings,/Game/Atlas/AtlasCoreBP/Harvest/Wood/WoodHarvestComponent_Sappling_Freeport.WoodHarvestComponent_Sappling_Freeport
SM_BogStump01_settings,/Game/Atlas/AtlasCoreBP/Harvest/Wood/WoodHarvestComponent_Sappling_Freeport.WoodHarvestComponent_Sappling_Freeport
SM_BogStump02_settings,/Game/Atlas/AtlasCoreBP/Harvest/Wood/WoodHarvestComponent_Sappling_Freeport.WoodHarvestComponent_Sappling_Freeport
SM_BogTree01_settings,/Game/Atlas/AtlasCoreBP/Harvest/Wood/WoodHarvestComponent_Freeport.WoodHarvestComponent_Freeport
SM_BogTree02_settings,/Game/Atlas/AtlasCoreBP/Harvest/Wood/WoodHarvestComponent_Freeport.WoodHarvestComponent_Freeport
SM_branch_a_settings,/Game/Atlas/AtlasCoreBP/Harvest/Wood/WoodHarvestComponent_Sappling_Freeport.WoodHarvestComponent_Sappling_Freeport
SM_branch_b_settings,/Game/Atlas/AtlasCoreBP/Harvest/Wood/WoodHarvestComponent_Sappling_Freeport.WoodHarvestComponent_Sappling_Freeport
SM_branch_c_settings,/Game/Atlas/AtlasCoreBP/Harvest/Wood/WoodHarvestComponent_Sappling_Freeport.WoodHarvestComponent_Sappling_Freeport
SM_CastorOil_01_settings,/Game/Atlas/AtlasCoreBP/HarvestComponents/FreePort/OilHarvestComponent_BASE
SM_CastorOil_03_settings,/Game/Atlas/AtlasCoreBP/HarvestComponents/FreePort/OilHarvestComponent_BASE
SM_CastorOil_04_settings,/Game/Atlas/AtlasCoreBP/Harvest/Wood/WoodHarvestComponent_Sappling_Freeport.WoodHarvestComponent_Sappling_Freeport
SM_CaveRockPile_settings,/Game/Mods/2783113712/Foliage/StoneFlintMetal/StoneFlintMetalHarvestComponent_Small_BASE.StoneFlintMetalHarvestComponent_Small_BASE
SM_CDH_Rock_Med_A_settings,/Game/Mods/2783113712/Foliage/StoneFlintMetal/StoneFlintMetalHarvestComponent_Standard_BASE.StoneFlintMetalHarvestComponent_Standard_BASE
SM_CDH_Rock_Med_B_settings,/Game/Mods/2783113712/Foliage/StoneFlintMetal/StoneFlintMetalHarvestComponent_Standard_BASE.StoneFlintMetalHarvestComponent_Standard_BASE
SM_CDH_Rock_Med_C_settings,/Game/Mods/2783113712/Foliage/StoneFlintMetal/StoneFlintMetalHarvestComponent_Standard_BASE.StoneFlintMetalHarvestComponent_Standard_BASE
SM_CDH_Rock_Med_D_settings,/Game/Mods/2783113712/Foliage/StoneFlintMetal/StoneFlintMetalHarvestComponent_Standard_BASE.StoneFlintMetalHarvestComponent_Standard_BASE
SM_CDH_Rock_Sml_A_settings,/Game/Mods/2783113712/Foliage/StoneFlintMetal/StoneFlintMetalHarvestComponent_Small_BASE.StoneFlintMetalHarvestComponent_Small_BASE
SM_CDH_Rock_Sml_B_settings,/Game/Mods/2783113712/Foliage/StoneFlintMetal/StoneFlintMetalHarvestComponent_Small_BASE.StoneFlintMetalHarvestComponent_Small_BASE
SM_CDH_Rock_Sml_C_settings,/Game/Mods/2783113712/Foliage/StoneFlintMetal/StoneFlintMetalHarvestComponent_Small_BASE.StoneFlintMetalHarvestComponent_Small_BASE
SM_CDH_Rock_Sml_D_settings,/Game/Mods/2783113712/Foliage/StoneFlintMetal/StoneFlintMetalHarvestComponent_Small_BASE.StoneFlintMetalHarvestComponent_Small_BASE
SM_CDH_Rock_Sml_E_settings,/Game/Mods/2783113712/Foliage/StoneFlintMetal/StoneFlintMetalHarvestComponent_Small_BASE.StoneFlintMetalHarvestComponent_Small_BASE
SM_CDL_Rock_Med_A_settings,/Game/Mods/2783113712/Foliage/StoneFlintMetal/StoneFlintMetalHarvestComponent_Standard_BASE.StoneFlintMetalHarvestComponent_Standard_BASE
SM_CDL_Rock_Med_B_settings,/Game/Mods/2783113712/Foliage/StoneFlintMetal/StoneFlintMetalHarvestComponent_Standard_BASE.StoneFlintMetalHarvestComponent_Standard_BASE
SM_CDL_Rock_Med_C_settings,/Game/Mods/2783113712/Foliage/StoneFlintMetal/StoneFlintMetalHarvestComponent_Standard_BASE.StoneFlintMetalHarvestComponent_Standard_BASE
SM_CDL_Rock_Med_D_settings,/Game/Mods/2783113712/Foliage/StoneFlintMetal/StoneFlintMetalHarvestComponent_Standard_BASE.StoneFlintMetalHarvestComponent_Standard_BASE
SM_CDL_Rock_Med_E_settings,/Game/Mods/2783113712/Foliage/StoneFlintMetal/StoneFlintMetalHarvestComponent_Standard_BASE.StoneFlintMetalHarvestComponent_Standard_BASE
SM_CDL_Rock_Sml_A_settings,/Game/Mods/2783113712/Foliage/StoneFlintMetal/StoneFlintMetalHarvestComponent_Small_BASE.StoneFlintMetalHarvestComponent_Small_BASE
SM_CDL_Rock_Sml_B_settings,/Game/Mods/2783113712/Foliage/StoneFlintMetal/StoneFlintMetalHarvestComponent_Small_BASE.StoneFlintMetalHarvestComponent_Small_BASE
SM_CDL_Rock_Sml_C_settings,/Game/Mods/2783113712/Foliage/StoneFlintMetal/StoneFlintMetalHarvestComponent_Small_BASE.StoneFlintMetalHarvestComponent_Small_BASE
SM_CDL_Rock_Sml_D_settings,/Game/Mods/2783113712/Foliage/StoneFlintMetal/StoneFlintMetalHarvestComponent_Small_BASE.StoneFlintMetalHarvestComponent_Small_BASE
SM_CDL_Rock_Sml_E_settings,/Game/Mods/2783113712/Foliage/StoneFlintMetal/StoneFlintMetalHarvestComponent_Small_BASE.StoneFlintMetalHarvestComponent_Small_BASE
SM_Chalcedony_settings,/Game/Atlas/AtlasCoreBP/HarvestComponents/FreePort/FlintHarvestComponent_BASE.FlintHarvestComponent_BASE
SM_Chert_settings,/Game/Atlas/AtlasCoreBP/HarvestComponents/FreePort/FlintHarvestComponent_BASE.FlintHarvestComponent_BASE
SM_Cobalt_settings,/Game/Atlas/AtlasCoreBP/HarvestComponents/FreePort/MetalHarvestComponent_BASE
SM_Coconut_Palm_A_settings,/Game/Atlas/AtlasCoreBP/Harvest/TreeHarvest/TreeHarvestComponent_Coconut.TreeHarvestComponent_Coconut
SM_Coconut_Palm_A_settings,/Game/Atlas/AtlasCoreBP/Harvest/Wood/WoodHarvestComponent_Freeport.WoodHarvestComponent_Freeport
SM_Coconut_Palm_B_settings,/Game/Atlas/AtlasCoreBP/Harvest/TreeHarvest/TreeHarvestComponent_Coconut.TreeHarvestComponent_Coconut
SM_Coconut_Palm_B_settings,/Game/Atlas/AtlasCoreBP/Harvest/Wood/WoodHarvestComponent_Freeport.WoodHarvestComponent_Freeport
SM_Coleus_01_settings,/Game/Atlas/AtlasCoreBP/Harvest/Fiber/FiberHarvestComponent_BASE.FiberHarvestComponent_BASE
SM_Coleus_02_01_settings,/Game/Atlas/AtlasCoreBP/Harvest/Fiber/FiberHarvestComponent_BASE.FiberHarvestComponent_BASE
SM_Coleus_02_02_settings,/Game/Atlas/AtlasCoreBP/Harvest/Fiber/FiberHarvestComponent_BASE.FiberHarvestComponent_BASE
SM_Coleus_02_03_settings,/Game/Atlas/AtlasCoreBP/Harvest/Fiber/FiberHarvestComponent_BASE.FiberHarvestComponent_BASE
SM_Coleus_02_settings,/Game/Atlas/AtlasCoreBP/Harvest/Fiber/FiberHarvestComponent_BASE.FiberHarvestComponent_BASE
SM_Coleus_03_settings,/Game/Atlas/AtlasCoreBP/Harvest/Fiber/FiberHarvestComponent_BASE.FiberHarvestComponent_BASE
SM_Copper_settings,/Game/Atlas/AtlasCoreBP/HarvestComponents/FreePort/MetalHarvestComponent_BASE
SM_Coquina_settings,/Game/Mods/2783113712/Foliage/StoneFlintMetal/StoneFlintMetalHarvestComponent_Standard_BASE.StoneFlintMetalHarvestComponent_Standard_BASE
SM_Cordyline_02_01_settings,/Game/Atlas/AtlasCoreBP/Harvest/Fiber/FiberHarvestComponent_BASE.FiberHarvestComponent_BASE
SM_Cordyline_02_02_settings,/Game/Atlas/AtlasCoreBP/Harvest/Fiber/FiberHarvestComponent_BASE.FiberHarvestComponent_BASE
SM_Cordyline_02_04_settings,/Game/Atlas/AtlasCoreBP/Harvest/Fiber/FiberHarvestComponent_BASE.FiberHarvestComponent_BASE
SM_Cordyline_02_06_settings,/Game/Atlas/AtlasCoreBP/Harvest/Fiber/FiberHarvestComponent_BASE.FiberHarvestComponent_BASE
SM_Cordyline_02_settings,/Game/Atlas/AtlasCoreBP/Harvest/Fiber/FiberHarvestComponent_BASE.FiberHarvestComponent_BASE
SM_Cordyline_03_settings,/Game/Atlas/AtlasCoreBP/Harvest/Fiber/FiberHarvestComponent_BASE.FiberHarvestComponent_BASE
SM_Cordyline_04_settings,/Game/Atlas/AtlasCoreBP/Harvest/Fiber/FiberHarvestComponent_BASE.FiberHarvestComponent_BASE
SM_Cordyline_05_settings,/Game/Atlas/AtlasCoreBP/Harvest/Fiber/FiberHarvestComponent_BASE.FiberHarvestComponent_BASE
SM_Cordyline_06_settings,/Game/Atlas/AtlasCoreBP/Harvest/Fiber/FiberHarvestComponent_BASE.FiberHarvestComponent_BASE
SM_Cordyline_08_settings,/Game/Atlas/AtlasCoreBP/Harvest/Fiber/FiberHarvestComponent_BASE.FiberHarvestComponent_BASE
SM_Cordyline_09_settings,/Game/Atlas/AtlasCoreBP/Harvest/Fiber/FiberHarvestComponent_BASE.FiberHarvestComponent_BASE
SM_Cordyline_12_settings,/Game/Atlas/AtlasCoreBP/Harvest/Fiber/FiberHarvestComponent_BASE.FiberHarvestComponent_BASE
SM_CreeperIvy_A_settings,/Game/Atlas/AtlasCoreBP/Harvest/Thatch/ThatchHarvestComponent_Freeport.ThatchHarvestComponent_Freeport
SM_CreeperIvy_B_settings,/Game/Atlas/AtlasCoreBP/Harvest/Thatch/ThatchHarvestComponent_Freeport.ThatchHarvestComponent_Freeport
SM_CreeperIvy_C_settings,/Game/Atlas/AtlasCoreBP/Harvest/Thatch/ThatchHarvestComponent_Freeport.ThatchHarvestComponent_Freeport
SM_CreeperIvy_D_settings,/Game/Atlas/AtlasCoreBP/Harvest/Thatch/ThatchHarvestComponent_Freeport.ThatchHarvestComponent_Freeport
SM_CreeperIvy_E_settings,/Game/Atlas/AtlasCoreBP/Harvest/Thatch/ThatchHarvestComponent_Freeport.ThatchHarvestComponent_Freeport
SM_CreeperIvy_F_settings,/Game/Atlas/AtlasCoreBP/Harvest/Thatch/ThatchHarvestComponent_Freeport.ThatchHarvestComponent_Freeport
SM_CreeperIvy_G_settings,/Game/Atlas/AtlasCoreBP/Harvest/Thatch/ThatchHarvestComponent_Freeport.ThatchHarvestComponent_Freeport
SM_CreeperIvy_H_settings,/Game/Atlas/AtlasCoreBP/Harvest/Thatch/ThatchHarvestComponent_Freeport.ThatchHarvestComponent_Freeport
SM_CreeperIvy_I_settings,/Game/Atlas/AtlasCoreBP/Harvest/Thatch/ThatchHarvestComponent_Freeport.ThatchHarvestComponent_Freeport
SM_CreeperIvy_J_settings,/Game/Atlas/AtlasCoreBP/Harvest/Thatch/ThatchHarvestComponent_Freeport.ThatchHarvestComponent_Freeport
SM_CreeperIvy_K_settings,/Game/Atlas/AtlasCoreBP/Harvest/Thatch/ThatchHarvestComponent_Freeport.ThatchHarvestComponent_Freeport
SM_CreeperIvy_L_settings,/Game/Atlas/AtlasCoreBP/Harvest/Thatch/ThatchHarvestComponent_Freeport.ThatchHarvestComponent_Freeport
SM_CreeperIvy_M_settings,/Game/Atlas/AtlasCoreBP/Harvest/Thatch/ThatchHarvestComponent_Freeport.ThatchHarvestComponent_Freeport
SM_CT_Rock_Med_01_settings,/Game/Mods/2783113712/Foliage/StoneFlintMetal/StoneFlintMetalHarvestComponent_Standard_BASE.StoneFlintMetalHarvestComponent_Standard_BASE
SM_CT_Rock_Med_02_settings,/Game/Mods/2783113712/Foliage/StoneFlintMetal/StoneFlintMetalHarvestComponent_Standard_BASE.StoneFlintMetalHarvestComponent_Standard_BASE
SM_CT_Rock_Med_03_settings,/Game/Mods/2783113712/Foliage/StoneFlintMetal/StoneFlintMetalHarvestComponent_Standard_BASE.StoneFlintMetalHarvestComponent_Standard_BASE
SM_CT_Rock_Med_04_settings,/Game/Mods/2783113712/Foliage/StoneFlintMetal/StoneFlintMetalHarvestComponent_Standard_BASE.StoneFlintMetalHarvestComponent_Standard_BASE
SM_CT_Rock_Sml_01_settings,/Game/Mods/2783113712/Foliage/StoneFlintMetal/StoneFlintMetalHarvestComponent_Small_BASE.StoneFlintMetalHarvestComponent_Small_BASE
SM_CT_Rock_Sml_02_settings,/Game/Mods/2783113712/Foliage/StoneFlintMetal/StoneFlintMetalHarvestComponent_Small_BASE.StoneFlintMetalHarvestComponent_Small_BASE
SM_CT_Rock_Sml_03_settings,/Game/Mods/2783113712/Foliage/StoneFlintMetal/StoneFlintMetalHarvestComponent_Small_BASE.StoneFlintMetalHarvestComponent_Small_BASE
SM_CT_Rock_Sml_04_settings,/Game/Mods/2783113712/Foliage/StoneFlintMetal/StoneFlintMetalHarvestComponent_Small_BASE.StoneFlintMetalHarvestComponent_Small_BASE
SM_CT_Rock_Sml_05_settings,/Game/Mods/2783113712/Foliage/StoneFlintMetal/StoneFlintMetalHarvestComponent_Small_BASE.StoneFlintMetalHarvestComponent_Small_BASE
SM_DeadTree_A_settings,/Game/Atlas/AtlasCoreBP/Harvest/Wood/WoodHarvestComponent_Freeport.WoodHarvestComponent_Freeport
SM_DeadTree_A1_settings,/Game/Atlas/AtlasCoreBP/Harvest/Wood/WoodHarvestComponent_Freeport.WoodHarvestComponent_Freeport
SM_DeadTree_A2_settings,/Game/Atlas/AtlasCoreBP/Harvest/Wood/WoodHarvestComponent_Freeport.WoodHarvestComponent_Freeport
SM_DeadTree_B_settings,/Game/Atlas/AtlasCoreBP/Harvest/Wood/WoodHarvestComponent_Freeport.WoodHarvestComponent_Freeport
SM_DeadTree_B1_settings,/Game/Atlas/AtlasCoreBP/Harvest/Wood/WoodHarvestComponent_Freeport.WoodHarvestComponent_Freeport
SM_DeadTree_B2_settings,/Game/Atlas/AtlasCoreBP/Harvest/Wood/WoodHarvestComponent_Freeport.WoodHarvestComponent_Freeport
SM_Deadwood_01_settings,/Game/Atlas/AtlasCoreBP/Harvest/Wood/WoodHarvestComponent_Freeport.WoodHarvestComponent_Freeport
SM_Deadwood_02_settings,/Game/Atlas/AtlasCoreBP/Harvest/Wood/WoodHarvestComponent_Freeport.WoodHarvestComponent_Freeport
SM_Deadwood_03_settings,/Game/Atlas/AtlasCoreBP/Harvest/Wood/WoodHarvestComponent_Freeport.WoodHarvestComponent_Freeport
SM_Deadwood_04_settings,/Game/Atlas/AtlasCoreBP/Harvest/Wood/WoodHarvestComponent_Freeport.WoodHarvestComponent_Freeport
SM_Deadwood_05_settings,/Game/Atlas/AtlasCoreBP/Harvest/Wood/WoodHarvestComponent_Freeport.WoodHarvestComponent_Freeport
SM_Diamond_settings,/Game/Atlas/AtlasCoreBP/Harvest/Gem/GemHarvestComponent_Opal
SM_EasternRock_a_settings,/Game/Mods/2783113712/Foliage/StoneFlintMetal/StoneFlintMetalHarvestComponent_Large_BASE.StoneFlintMetalHarvestComponent_Large_BASE
SM_EasternRock_A_Snow_Cave_settings,/Game/Mods/2783113712/Foliage/StoneFlintMetal/StoneFlintMetalHarvestComponent_Small_BASE.StoneFlintMetalHarvestComponent_Small_BASE
SM_EasternRock_A_Snow_settings,/Game/Mods/2783113712/Foliage/StoneFlintMetal/StoneFlintMetalHarvestComponent_Large_BASE.StoneFlintMetalHarvestComponent_Large_BASE
SM_EasternRock_b_settings,/Game/Mods/2783113712/Foliage/StoneFlintMetal/StoneFlintMetalHarvestComponent_Large_BASE.StoneFlintMetalHarvestComponent_Large_BASE
SM_EasternRock_b_Snow_settings,/Game/Mods/2783113712/Foliage/StoneFlintMetal/StoneFlintMetalHarvestComponent_Large_BASE.StoneFlintMetalHarvestComponent_Large_BASE
SM_EasternRock_c_settings,/Game/Mods/2783113712/Foliage/StoneFlintMetal/StoneFlintMetalHarvestComponent_Large_BASE.StoneFlintMetalHarvestComponent_Large_BASE
SM_EasternRock_c_Snow_settings,/Game/Mods/2783113712/Foliage/StoneFlintMetal/StoneFlintMetalHarvestComponent_Large_BASE.StoneFlintMetalHarvestComponent_Large_BASE
SM_EasternRock_d_settings,/Game/Mods/2783113712/Foliage/StoneFlintMetal/StoneFlintMetalHarvestComponent_Large_BASE.StoneFlintMetalHarvestComponent_Large_BASE
SM_EasternRock_D_Snow_settings,/Game/Mods/2783113712/Foliage/StoneFlintMetal/StoneFlintMetalHarvestComponent_Large_BASE.StoneFlintMetalHarvestComponent_Large_BASE
SM_EasternRock_e_Snow_settings,/Game/Mods/2783113712/Foliage/StoneFlintMetal/StoneFlintMetalHarvestComponent_Large_BASE.StoneFlintMetalHarvestComponent_Large_BASE
SM_EasternRock_f_settings,/Game/Mods/2783113712/Foliage/StoneFlintMetal/StoneFlintMetalHarvestComponent_Large_BASE.StoneFlintMetalHarvestComponent_Large_BASE
SM_EasternRock_f_Snow_settings,/Game/Mods/2783113712/Foliage/StoneFlintMetal/StoneFlintMetalHarvestComponent_Large_BASE.StoneFlintMetalHarvestComponent_Large_BASE
SM_EmeraldA_settings,/Game/Atlas/AtlasCoreBP/Harvest/Gem/GemHarvestComponent_Opal
SM_EmeraldB_settings,/Game/Atlas/AtlasCoreBP/Harvest/Gem/GemHarvestComponent_Opal
SM_ERS_Rock_Med_A_settings,/Game/Mods/2783113712/Foliage/StoneFlintMetal/StoneFlintMetalHarvestComponent_Large_BASE.StoneFlintMetalHarvestComponent_Large_BASE
SM_ERS_Rock_Med_B_settings,/Game/Mods/2783113712/Foliage/StoneFlintMetal/StoneFlintMetalHarvestComponent_Large_BASE.StoneFlintMetalHarvestComponent_Large_BASE
SM_ERS_Rock_Med_C_settings,/Game/Mods/2783113712/Foliage/StoneFlintMetal/StoneFlintMetalHarvestComponent_Large_BASE.StoneFlintMetalHarvestComponent_Large_BASE
SM_ERS_Rock_Med_D_settings,/Game/Mods/2783113712/Foliage/StoneFlintMetal/StoneFlintMetalHarvestComponent_Large_BASE.StoneFlintMetalHarvestComponent_Large_BASE
SM_ERS_Rock_Med_E_settings,/Game/Mods/2783113712/Foliage/StoneFlintMetal/StoneFlintMetalHarvestComponent_Large_BASE.StoneFlintMetalHarvestComponent_Large_BASE
SM_ERS_Rock_Med_F_settings,/Game/Mods/2783113712/Foliage/StoneFlintMetal/StoneFlintMetalHarvestComponent_Large_BASE.StoneFlintMetalHarvestComponent_Large_BASE
SM_ERS_Rock_Med_G_settings,/Game/Mods/2783113712/Foliage/StoneFlintMetal/StoneFlintMetalHarvestComponent_Large_BASE.StoneFlintMetalHarvestComponent_Large_BASE
SM_ERS_Rock_Sml_A1_settings,/Game/Mods/2783113712/Foliage/StoneFlintMetal/StoneFlintMetalHarvestComponent_Small_BASE.StoneFlintMetalHarvestComponent_Small_BASE
SM_ERS_Rock_Sml_A2_settings,/Game/Mods/2783113712/Foliage/StoneFlintMetal/StoneFlintMetalHarvestComponent_Small_BASE.StoneFlintMetalHarvestComponent_Small_BASE
SM_ERS_Rock_Sml_A3_settings,/Game/Mods/2783113712/Foliage/StoneFlintMetal/StoneFlintMetalHarvestComponent_Small_BASE.StoneFlintMetalHarvestComponent_Small_BASE
SM_ERS_Rock_Sml_A4_settings,/Game/Mods/2783113712/Foliage/StoneFlintMetal/StoneFlintMetalHarvestComponent_Small_BASE.StoneFlintMetalHarvestComponent_Small_BASE
SM_ERS_Rock_Sml_A5_settings,/Game/Mods/2783113712/Foliage/StoneFlintMetal/StoneFlintMetalHarvestComponent_Small_BASE.StoneFlintMetalHarvestComponent_Small_BASE
SM_ERS_Rock_Sml_A6_settings,/Game/Mods/2783113712/Foliage/StoneFlintMetal/StoneFlintMetalHarvestComponent_Small_BASE.StoneFlintMetalHarvestComponent_Small_BASE
SM_ERS_Rock_Sml_C_1_settings,/Game/Mods/2783113712/Foliage/StoneFlintMetal/StoneFlintMetalHarvestComponent_Small_BASE.StoneFlintMetalHarvestComponent_Small_BASE
SM_ERS_Rock_Sml_C_2_settings,/Game/Mods/2783113712/Foliage/StoneFlintMetal/StoneFlintMetalHarvestComponent_Small_BASE.StoneFlintMetalHarvestComponent_Small_BASE
SM_ERS_Rock_Sml_C_3_settings,/Game/Mods/2783113712/Foliage/StoneFlintMetal/StoneFlintMetalHarvestComponent_Small_BASE.StoneFlintMetalHarvestComponent_Small_BASE
SM_ERS_Rock_Sml_C_4_settings,/Game/Mods/2783113712/Foliage/StoneFlintMetal/StoneFlintMetalHarvestComponent_Small_BASE.StoneFlintMetalHarvestComponent_Small_BASE
SM_ERS_Rock_Sml_C_5_settings,/Game/Mods/2783113712/Foliage/StoneFlintMetal/StoneFlintMetalHarvestComponent_Small_BASE.StoneFlintMetalHarvestComponent_Small_BASE
SM_ERS_Rocks_Sml_B1_settings,/Game/Mods/2783113712/Foliage/StoneFlintMetal/StoneFlintMetalHarvestComponent_Small_BASE.StoneFlintMetalHarvestComponent_Small_BASE
SM_ERS_Rocks_Sml_B2_settings,/Game/Mods/2783113712/Foliage/StoneFlintMetal/StoneFlintMetalHarvestComponent_Small_BASE.StoneFlintMetalHarvestComponent_Small_BASE
SM_ERS_Rocks_Sml_B3_settings,/Game/Mods/2783113712/Foliage/StoneFlintMetal/StoneFlintMetalHarvestComponent_Small_BASE.StoneFlintMetalHarvestComponent_Small_BASE
SM_ERS_Rocks_Sml_B4_settings,/Game/Mods/2783113712/Foliage/StoneFlintMetal/StoneFlintMetalHarvestComponent_Small_BASE.StoneFlintMetalHarvestComponent_Small_BASE
SM_ETS_Rock_Lrg_A_settings,/Game/Mods/2783113712/Foliage/StoneFlintMetal/StoneFlintMetalHarvestComponent_Huge_BASE.StoneFlintMetalHarvestComponent_Huge_BASE
SM_ETS_Rock_Lrg_B_settings,/Game/Mods/2783113712/Foliage/StoneFlintMetal/StoneFlintMetalHarvestComponent_Huge_BASE.StoneFlintMetalHarvestComponent_Huge_BASE
SM_ETS_Rock_Med_A_settings,/Game/Mods/2783113712/Foliage/StoneFlintMetal/StoneFlintMetalHarvestComponent_Large_BASE.StoneFlintMetalHarvestComponent_Large_BASE
SM_ETS_Rock_Med_B_settings,/Game/Mods/2783113712/Foliage/StoneFlintMetal/StoneFlintMetalHarvestComponent_Large_BASE.StoneFlintMetalHarvestComponent_Large_BASE
SM_ETS_Rock_Med_C_settings,/Game/Mods/2783113712/Foliage/StoneFlintMetal/StoneFlintMetalHarvestComponent_Large_BASE.StoneFlintMetalHarvestComponent_Large_BASE
SM_ETS_Rock_Med_D_settings,/Game/Mods/2783113712/Foliage/StoneFlintMetal/StoneFlintMetalHarvestComponent_Large_BASE.StoneFlintMetalHarvestComponent_Large_BASE
SM_ETS_Rock_SML_A_settings,/Game/Mods/2783113712/Foliage/StoneFlintMetal/StoneFlintMetalHarvestComponent_Small_BASE.StoneFlintMetalHarvestComponent_Small_BASE
SM_ETS_Rock_SML_B_settings,/Game/Mods/2783113712/Foliage/StoneFlintMetal/StoneFlintMetalHarvestComponent_Small_BASE.StoneFlintMetalHarvestComponent_Small_BASE
SM_ETS_Rock_SML_C_settings,/Game/Mods/2783113712/Foliage/StoneFlintMetal/StoneFlintMetalHarvestComponent_Small_BASE.StoneFlintMetalHarvestComponent_Small_BASE
SM_ETS_Rock_SML_D_settings,/Game/Mods/2783113712/Foliage/StoneFlintMetal/StoneFlintMetalHarvestComponent_Small_BASE.StoneFlintMetalHarvestComponent_Small_BASE
SM_ETS_Rocks_Med_A_Settings,/Game/Mods/2783113712/Foliage/StoneFlintMetal/StoneFlintMetalHarvestComponent_Standard_BASE.StoneFlintMetalHarvestComponent_Standard_BASE
SM_ETS_Rocks_Med_B_Settings,/Game/Mods/2783113712/Foliage/StoneFlintMetal/StoneFlintMetalHarvestComponent_Standard_BASE.StoneFlintMetalHarvestComponent_Standard_BASE
SM_ETS_Rocks_Med_C_Settings,/Game/Mods/2783113712/Foliage/StoneFlintMetal/StoneFlintMetalHarvestComponent_Standard_BASE.StoneFlintMetalHarvestComponent_Standard_BASE
SM_fern_a_settings,/Game/Atlas/AtlasCoreBP/Harvest/Fiber/FiberHarvestComponent_BASE.FiberHarvestComponent_BASE
SM_fern_b_settings,/Game/Atlas/AtlasCoreBP/Harvest/Fiber/FiberHarvestComponent_BASE.FiberHarvestComponent_BASE
SM_fern_c_settings,/Game/Atlas/AtlasCoreBP/Harvest/Fiber/FiberHarvestComponent_BASE.FiberHarvestComponent_BASE
SM_fern_d_settings,/Game/Atlas/AtlasCoreBP/Harvest/Fiber/FiberHarvestComponent_BASE.FiberHarvestComponent_BASE
SM_fern_e_settings,/Game/Atlas/AtlasCoreBP/Harvest/Fiber/FiberHarvestComponent_BASE.FiberHarvestComponent_BASE
SM_FernA_settings,/Game/Atlas/AtlasCoreBP/Harvest/Fiber/FiberHarvestComponent_BASE.FiberHarvestComponent_BASE
SM_FernB_settings,/Game/Atlas/AtlasCoreBP/Harvest/Fiber/FiberHarvestComponent_BASE.FiberHarvestComponent_BASE
SM_FernC_settings,/Game/Atlas/AtlasCoreBP/Harvest/Fiber/FiberHarvestComponent_BASE.FiberHarvestComponent_BASE
SM_FernD_settings,/Game/Atlas/AtlasCoreBP/Harvest/Fiber/FiberHarvestComponent_BASE.FiberHarvestComponent_BASE
SM_FernE_settings,/Game/Atlas/AtlasCoreBP/Harvest/Fiber/FiberHarvestComponent_BASE.FiberHarvestComponent_BASE
SM_FernF_settings,/Game/Atlas/AtlasCoreBP/Harvest/Fiber/FiberHarvestComponent_BASE.FiberHarvestComponent_BASE
SM_FigCactus_settings,/Game/Atlas/AtlasCoreBP/Harvest/TreeHarvest/TreeHarvestComponent_Cactus.TreeHarvestComponent_Cactus
SM_FrondA_settings,/Game/Atlas/AtlasCoreBP/Harvest/Thatch/ThatchHarvestComponent_Freeport.ThatchHarvestComponent_Freeport
SM_FrondB_settings,/Game/Atlas/AtlasCoreBP/Harvest/Thatch/ThatchHarvestComponent_Freeport.ThatchHarvestComponent_Freeport
SM_FrondC_settings,/Game/Atlas/AtlasCoreBP/Harvest/Thatch/ThatchHarvestComponent_Freeport.ThatchHarvestComponent_Freeport
SM_Generic_Rock_A_settings,/Game/Mods/2783113712/Foliage/StoneFlintMetal/StoneFlintMetalHarvestComponent_Large_BASE.StoneFlintMetalHarvestComponent_Large_BASE
SM_Generic_Rock_B_settings,/Game/Mods/2783113712/Foliage/StoneFlintMetal/StoneFlintMetalHarvestComponent_Large_BASE.StoneFlintMetalHarvestComponent_Large_BASE
SM_Generic_Rock_C_settings,/Game/Mods/2783113712/Foliage/StoneFlintMetal/StoneFlintMetalHarvestComponent_Large_BASE.StoneFlintMetalHarvestComponent_Large_BASE
SM_Generic_Rock_D_settings,/Game/Mods/2783113712/Foliage/StoneFlintMetal/StoneFlintMetalHarvestComponent_Large_BASE.StoneFlintMetalHarvestComponent_Large_BASE
SM_Generic_Rock_E_settings,/Game/Mods/2783113712/Foliage/StoneFlintMetal/StoneFlintMetalHarvestComponent_Large_BASE.StoneFlintMetalHarvestComponent_Large_BASE
SM_GiantMushroom01_settings,/Game/Atlas/AtlasCoreBP/Harvest/Fiber/FiberHarvestComponent_BASE.FiberHarvestComponent_BASE
SM_GiantMushroom01_settings,/Game/Atlas/AtlasCoreBP/Harvest/Sap/SapHarvestComponent_Latex.SapHarvestComponent_Latex
SM_GiantMushroom01_settings,/Game/Atlas/AtlasCoreBP/Harvest/Sap/SapHarvestComponent_Resin.SapHarvestComponent_Resin
SM_GraniteA_settings,/Game/Mods/2783113712/Foliage/StoneFlintMetal/StoneFlintMetalHarvestComponent_Standard_BASE.StoneFlintMetalHarvestComponent_Standard_BASE
SM_GraniteRock_a_2_Snow_Cave_settings,/Game/Mods/2783113712/Foliage/StoneFlintMetal/StoneFlintMetalHarvestComponent_Standard_BASE.StoneFlintMetalHarvestComponent_Standard_BASE
SM_GraniteRock_a_2_Snow_settings,/Game/Mods/2783113712/Foliage/StoneFlintMetal/StoneFlintMetalHarvestComponent_Standard_BASE.StoneFlintMetalHarvestComponent_Standard_BASE
SM_GraniteRock_a_settings,/Game/Mods/2783113712/Foliage/StoneFlintMetal/StoneFlintMetalHarvestComponent_Standard_BASE.StoneFlintMetalHarvestComponent_Standard_BASE
SM_GraniteRock_b_2_Snow_Cave_settings,/Game/Mods/2783113712/Foliage/StoneFlintMetal/StoneFlintMetalHarvestComponent_Standard_BASE.StoneFlintMetalHarvestComponent_Standard_BASE
SM_GraniteRock_b_2_Snow_settings,/Game/Mods/2783113712/Foliage/StoneFlintMetal/StoneFlintMetalHarvestComponent_Standard_BASE.StoneFlintMetalHarvestComponent_Standard_BASE
SM_GraniteRock_b_settings,/Game/Mods/2783113712/Foliage/StoneFlintMetal/StoneFlintMetalHarvestComponent_Standard_BASE.StoneFlintMetalHarvestComponent_Standard_BASE
SM_GraniteRock_c_2_Snow_settings,/Game/Mods/2783113712/Foliage/StoneFlintMetal/StoneFlintMetalHarvestComponent_Standard_BASE.StoneFlintMetalHarvestComponent_Standard_BASE
SM_GraniteRock_c_settings,/Game/Mods/2783113712/Foliage/StoneFlintMetal/StoneFlintMetalHarvestComponent_Standard_BASE.StoneFlintMetalHarvestComponent_Standard_BASE
SM_GraniteRock_d_2_Snow_settings,/Game/Mods/2783113712/Foliage/StoneFlintMetal/StoneFlintMetalHarvestComponent_Standard_BASE.StoneFlintMetalHarvestComponent_Standard_BASE
SM_GraniteRock_d_settings,/Game/Mods/2783113712/Foliage/StoneFlintMetal/StoneFlintMetalHarvestComponent_Standard_BASE.StoneFlintMetalHarvestComponent_Standard_BASE
SM_GraniteRock_E_2_Snow_settings,/Game/Mods/2783113712/Foliage/StoneFlintMetal/StoneFlintMetalHarvestComponent_Standard_BASE.StoneFlintMetalHarvestComponent_Standard_BASE
SM_GraniteRock_e_settings,/Game/Mods/2783113712/Foliage/StoneFlintMetal/StoneFlintMetalHarvestComponent_Standard_BASE.StoneFlintMetalHarvestComponent_Standard_BASE
SM_Graphite_01_settings,/Game/Atlas/AtlasCoreBP/HarvestComponents/FreePort/CoalHarvestComponent_BASE
SM_Grass01_Settings,/Game/Atlas/AtlasCoreBP/Harvest/Fiber/FiberHarvestComponent_BASE.FiberHarvestComponent_BASE
SM_GrassA1_settings,/Game/Atlas/AtlasCoreBP/Harvest/Fiber/FiberHarvestComponent_BASE.FiberHarvestComponent_BASE
SM_GrassA2_settings,/Game/Atlas/AtlasCoreBP/Harvest/Fiber/FiberHarvestComponent_BASE.FiberHarvestComponent_BASE
SM_GrassA3_settings,/Game/Atlas/AtlasCoreBP/Harvest/Fiber/FiberHarvestComponent_BASE.FiberHarvestComponent_BASE
SM_Herkimer_settings,/Game/Atlas/AtlasCoreBP/HarvestComponents/FreePort/CrystalHarvestComponent_BASE
SM_Honey_settings,/Game/Atlas/AtlasCoreBP/Harvest/Fiber/FiberHarvestComponent_BASE.FiberHarvestComponent_BASE
SM_Honey_settings,/Game/Atlas/AtlasCoreBP/Harvest/Sap/SapHarvestComponent_Honey.SapHarvestComponent_Honey
SM_Iodine_settings,/Game/Atlas/AtlasCoreBP/HarvestComponents/FreePort/PreservativeHarvestComponent_Base
SM_Iridium_settings,/Game/Atlas/AtlasCoreBP/HarvestComponents/FreePort/MetalHarvestComponent_BASE
SM_IronA_settings,/Game/Atlas/AtlasCoreBP/HarvestComponents/FreePort/MetalHarvestComponent_BASE
SM_JungleLily_03_settings,/Game/Atlas/AtlasCoreBP/Harvest/Thatch/ThatchHarvestComponent_Freeport.ThatchHarvestComponent_Freeport
SM_JungleLily_05_settings,/Game/Atlas/AtlasCoreBP/Harvest/Thatch/ThatchHarvestComponent_Freeport.ThatchHarvestComponent_Freeport
SM_Jute_settings,/Game/Atlas/AtlasCoreBP/Harvest/Fiber/FiberHarvestComponent_BASE.FiberHarvestComponent_BASE
SM_Jute1_settings,/Game/Atlas/AtlasCoreBP/Harvest/Fiber/FiberHarvestComponent_BASE.FiberHarvestComponent_BASE
SM_Jute2_settings,/Game/Atlas/AtlasCoreBP/Harvest/Fiber/FiberHarvestComponent_BASE.FiberHarvestComponent_BASE
SM_Jute3_settings,/Game/Atlas/AtlasCoreBP/Harvest/Fiber/FiberHarvestComponent_BASE.FiberHarvestComponent_BASE
SM_KalaNamak_settings,/Game/Atlas/AtlasCoreBP/HarvestComponents/FreePort/PreservativeHarvestComponent_Base
SM_LemonGrass_01_settings,/Game/Atlas/AtlasCoreBP/Harvest/Fiber/FiberHarvestComponent_BASE.FiberHarvestComponent_BASE
SM_LemonGrass_02_settings,/Game/Atlas/AtlasCoreBP/Harvest/Fiber/FiberHarvestComponent_BASE.FiberHarvestComponent_BASE
SM_LemonGrass_03_settings,/Game/Atlas/AtlasCoreBP/Harvest/Fiber/FiberHarvestComponent_BASE.FiberHarvestComponent_BASE
SM_Lignite_settings,/Game/Atlas/AtlasCoreBP/HarvestComponents/FreePort/CoalHarvestComponent_BASE
SM_Lilypads_settings,/Game/Atlas/AtlasCoreBP/Harvest/Fiber/FiberHarvestComponent_BASE.FiberHarvestComponent_BASE
SM_Limestone_settings,/Game/Mods/2783113712/Foliage/StoneFlintMetal/StoneFlintMetalHarvestComponent_Standard_BASE.StoneFlintMetalHarvestComponent_Standard_BASE
SM_Log_C_settings,/Game/Atlas/AtlasCoreBP/Harvest/Wood/WoodHarvestComponent_Sappling_Freeport.WoodHarvestComponent_Sappling_Freeport
SM_Log_D_settings,/Game/Atlas/AtlasCoreBP/Harvest/Wood/WoodHarvestComponent_Sappling_Freeport.WoodHarvestComponent_Sappling_Freeport
SM_MapleLeaf_A_settings,/Game/Atlas/AtlasCoreBP/Harvest/Thatch/ThatchHarvestComponent_Freeport.ThatchHarvestComponent_Freeport
SM_MapleLeaf_B_settings,/Game/Atlas/AtlasCoreBP/Harvest/Thatch/ThatchHarvestComponent_Freeport.ThatchHarvestComponent_Freeport
SM_MapleLeaf_C_settings,/Game/Atlas/AtlasCoreBP/Harvest/Thatch/ThatchHarvestComponent_Freeport.ThatchHarvestComponent_Freeport
SM_MapleLeaf_D_settings,/Game/Atlas/AtlasCoreBP/Harvest/Thatch/ThatchHarvestComponent_Freeport.ThatchHarvestComponent_Freeport
SM_MapleLeaf_E_settings,/Game/Atlas/AtlasCoreBP/Harvest/Thatch/ThatchHarvestComponent_Freeport.ThatchHarvestComponent_Freeport
SM_MapleLeaf_F_settings,/Game/Atlas/AtlasCoreBP/Harvest/Thatch/ThatchHarvestComponent_Freeport.ThatchHarvestComponent_Freeport
SM_MapleLeaf_G_settings,/Game/Atlas/AtlasCoreBP/Harvest/Thatch/ThatchHarvestComponent_Freeport.ThatchHarvestComponent_Freeport
SM_MediumRock_01_settings,/Game/Mods/2783113712/Foliage/StoneFlintMetal/StoneFlintMetalHarvestComponent_Large_BASE.StoneFlintMetalHarvestComponent_Large_BASE
SM_MediumRock_01_Snow_settings,/Game/Mods/2783113712/Foliage/StoneFlintMetal/StoneFlintMetalHarvestComponent_Large_BASE.StoneFlintMetalHarvestComponent_Large_BASE
SM_MediumRock_02_Moss_settings,/Game/Mods/2783113712/Foliage/StoneFlintMetal/StoneFlintMetalHarvestComponent_Large_BASE.StoneFlintMetalHarvestComponent_Large_BASE
SM_MediumRock_02_Moss-NoWetness_settings,/Game/Mods/2783113712/Foliage/StoneFlintMetal/StoneFlintMetalHarvestComponent_Large_BASE.StoneFlintMetalHarvestComponent_Large_BASE
SM_MediumRock_02_settings,/Game/Mods/2783113712/Foliage/StoneFlintMetal/StoneFlintMetalHarvestComponent_Large_BASE.StoneFlintMetalHarvestComponent_Large_BASE
SM_MediumRock_02_Snow_settings,/Game/Mods/2783113712/Foliage/StoneFlintMetal/StoneFlintMetalHarvestComponent_Large_BASE.StoneFlintMetalHarvestComponent_Large_BASE
SM_MetalRock_01_Settings,/Game/Atlas/AtlasCoreBP/HarvestComponents/FreePort/MetalHarvestComponent_BASE
SM_MetalRock_01_Snow_Settings,/Game/Atlas/AtlasCoreBP/HarvestComponents/FreePort/MetalHarvestComponent_BASE
SM_MetalRock_02_RichMetal_Settings,/Game/Atlas/AtlasCoreBP/HarvestComponents/FreePort/MetalHarvestComponent_BASE
SM_MetalRock_02_RichMetal_Snow_Settings,/Game/Atlas/AtlasCoreBP/HarvestComponents/FreePort/MetalHarvestComponent_BASE
SM_MireRoots_01_settings,/Game/Atlas/AtlasCoreBP/Harvest/Thatch/ThatchHarvestComponent_Freeport.ThatchHarvestComponent_Freeport
SM_MRS_Rock_Lrg_A_settings,/Game/Mods/2783113712/Foliage/StoneFlintMetal/StoneFlintMetalHarvestComponent_Standard_BASE.StoneFlintMetalHarvestComponent_Standard_BASE
SM_MRS_Rock_Lrg_B_settings,/Game/Mods/2783113712/Foliage/StoneFlintMetal/StoneFlintMetalHarvestComponent_Standard_BASE.StoneFlintMetalHarvestComponent_Standard_BASE
SM_MRS_Rock_Lrg_C_settings,/Game/Mods/2783113712/Foliage/StoneFlintMetal/StoneFlintMetalHarvestComponent_Standard_BASE.StoneFlintMetalHarvestComponent_Standard_BASE
SM_MRS_Rock_Lrg_D_settings,/Game/Mods/2783113712/Foliage/StoneFlintMetal/StoneFlintMetalHarvestComponent_Large_BASE.StoneFlintMetalHarvestComponent_Large_BASE
SM_MRS_Rock_Lrg_E_settings,/Game/Mods/2783113712/Foliage/StoneFlintMetal/StoneFlintMetalHarvestComponent_Large_BASE.StoneFlintMetalHarvestComponent_Large_BASE
SM_MTS_Rock_Lrg_A_settings,/Game/Mods/2783113712/Foliage/StoneFlintMetal/StoneFlintMetalHarvestComponent_Standard_BASE.StoneFlintMetalHarvestComponent_Standard_BASE
SM_MTS_Rock_Lrg_B_settings,/Game/Mods/2783113712/Foliage/StoneFlintMetal/StoneFlintMetalHarvestComponent_Standard_BASE.StoneFlintMetalHarvestComponent_Standard_BASE
SM_MTS_Rock_Lrg_C_settings,/Game/Mods/2783113712/Foliage/StoneFlintMetal/StoneFlintMetalHarvestComponent_Large_BASE.StoneFlintMetalHarvestComponent_Large_BASE
SM_MTS_Rock_Lrg_D_settings,/Game/Mods/2783113712/Foliage/StoneFlintMetal/StoneFlintMetalHarvestComponent_Standard_BASE.StoneFlintMetalHarvestComponent_Standard_BASE
SM_MTS_Rock_Lrg_E_settings,/Game/Mods/2783113712/Foliage/StoneFlintMetal/StoneFlintMetalHarvestComponent_Standard_BASE.StoneFlintMetalHarvestComponent_Standard_BASE
SM_Mushroom01_settings,/Game/Atlas/AtlasCoreBP/Harvest/Sap/SapHarvestComponent_Resin.SapHarvestComponent_Resin
SM_Mushroom02_settings,/Game/Atlas/AtlasCoreBP/Harvest/Sap/SapHarvestComponent_Resin.SapHarvestComponent_Resin
SM_Mushroom03_settings,/Game/Atlas/AtlasCoreBP/Harvest/Sap/SapHarvestComponent_Resin.SapHarvestComponent_Resin
SM_Mushroom04_settings,/Game/Atlas/AtlasCoreBP/Harvest/Sap/SapHarvestComponent_Resin.SapHarvestComponent_Resin
SM_Niter_settings,/Game/Atlas/AtlasCoreBP/HarvestComponents/FreePort/CoalHarvestComponent_BASE
SM_Oak_Field_settings,/Game/Atlas/AtlasCoreBP/Harvest/Wood/WoodHarvestComponent_Freeport.WoodHarvestComponent_Freeport
SM_Oak_Forest_settings,/Game/Atlas/AtlasCoreBP/Harvest/Wood/WoodHarvestComponent_Freeport.WoodHarvestComponent_Freeport
SM_Oak_Sapling_settings,/Game/Atlas/AtlasCoreBP/Harvest/Wood/WoodHarvestComponent_Sappling_Freeport.WoodHarvestComponent_Sappling_Freeport
SM_Obsidian_settings,/Game/Atlas/AtlasCoreBP/HarvestComponents/FreePort/FlintHarvestComponent_BASE.FlintHarvestComponent_BASE
SM_ObsidianRock_01_settings,/Game/Mods/2783113712/Foliage/StoneFlintMetal/StoneFlintMetalHarvestComponent_Large_BASE.StoneFlintMetalHarvestComponent_Large_BASE
SM_ObsidianRock_01_Snow_settings,/Game/Mods/2783113712/Foliage/StoneFlintMetal/StoneFlintMetalHarvestComponent_Large_BASE.StoneFlintMetalHarvestComponent_Large_BASE
SM_ObsidianRock_02_settings,/Game/Mods/2783113712/Foliage/StoneFlintMetal/StoneFlintMetalHarvestComponent_Large_BASE.StoneFlintMetalHarvestComponent_Large_BASE
SM_ObsidianRock_02_Snow_settings,/Game/Mods/2783113712/Foliage/StoneFlintMetal/StoneFlintMetalHarvestComponent_Large_BASE.StoneFlintMetalHarvestComponent_Large_BASE
SM_OilVein_1_settings,/Game/Atlas/AtlasCoreBP/HarvestComponents/FreePort/OilHarvestComponent_BASE
SM_OilVein_2_settings,/Game/Atlas/AtlasCoreBP/HarvestComponents/FreePort/OilHarvestComponent_BASE
SM_Olive1_settings,/Game/Atlas/AtlasCoreBP/Harvest/TreeHarvest/TreeHarvestComponent_Olive.TreeHarvestComponent_Olive
SM_Olive2_settings,/Game/Atlas/AtlasCoreBP/Harvest/TreeHarvest/TreeHarvestComponent_Olive.TreeHarvestComponent_Olive
SM_Olive3_settings,/Game/Atlas/AtlasCoreBP/Harvest/TreeHarvest/TreeHarvestComponent_Olive.TreeHarvestComponent_Olive
SM_Opal_settings,/Game/Atlas/AtlasCoreBP/Harvest/Gem/GemHarvestComponent_Opal
SM_Oxalis_Var1_settings,/Game/Atlas/AtlasCoreBP/Harvest/Fiber/FiberHarvestComponent_BASE.FiberHarvestComponent_BASE
SM_Oxalis_Var2_settings,/Game/Atlas/AtlasCoreBP/Harvest/Fiber/FiberHarvestComponent_BASE.FiberHarvestComponent_BASE
SM_Pearls_settings,/Game/Atlas/AtlasCoreBP/Harvest/Gem/GemHarvestComponent_Opal
SM_PeatA_settings,/Game/Atlas/AtlasCoreBP/HarvestComponents/FreePort/CoalHarvestComponent_BASE
SM_PickUp_Rock_Sml_C_1_settings,/Game/Mods/2783113712/Foliage/StoneFlintMetal/StoneFlintMetalHarvestComponent_Pickup_BASE.StoneFlintMetalHarvestComponent_Pickup_BASE
SM_PickUp_Rock_Sml_C_2_settings,/Game/Mods/2783113712/Foliage/StoneFlintMetal/StoneFlintMetalHarvestComponent_Pickup_BASE.StoneFlintMetalHarvestComponent_Pickup_BASE
SM_PickUp_Rock_Sml_C_3_settings,/Game/Mods/2783113712/Foliage/StoneFlintMetal/StoneFlintMetalHarvestComponent_Pickup_BASE.StoneFlintMetalHarvestComponent_Pickup_BASE
SM_PickUp_Rock_Sml_C_4_settings,/Game/Mods/2783113712/Foliage/StoneFlintMetal/StoneFlintMetalHarvestComponent_Pickup_BASE.StoneFlintMetalHarvestComponent_Pickup_BASE
SM_PickUp_Rock_Sml_C_5_settings,/Game/Mods/2783113712/Foliage/StoneFlintMetal/StoneFlintMetalHarvestComponent_Pickup_BASE.StoneFlintMetalHarvestComponent_Pickup_BASE
SM_pine_a_settings,/Game/Atlas/AtlasCoreBP/Harvest/Wood/WoodHarvestComponent_Freeport.WoodHarvestComponent_Freeport
SM_pine_b_settings,/Game/Atlas/AtlasCoreBP/Harvest/Wood/WoodHarvestComponent_Freeport.WoodHarvestComponent_Freeport
SM_pine_c_settings,/Game/Atlas/AtlasCoreBP/Harvest/Wood/WoodHarvestComponent_Freeport.WoodHarvestComponent_Freeport
SM_pine_f_settings,/Game/Atlas/AtlasCoreBP/Harvest/Wood/WoodHarvestComponent_Freeport.WoodHarvestComponent_Freeport
SM_pine_g_settings,/Game/Atlas/AtlasCoreBP/Harvest/Wood/WoodHarvestComponent_Freeport.WoodHarvestComponent_Freeport
SM_pine_h_settings,/Game/Atlas/AtlasCoreBP/Harvest/Wood/WoodHarvestComponent_Freeport.WoodHarvestComponent_Freeport
SM_pine_i_settings,/Game/Atlas/AtlasCoreBP/Harvest/Wood/WoodHarvestComponent_Freeport.WoodHarvestComponent_Freeport
SM_PondGems_03_settings,/Game/Atlas/AtlasCoreBP/Harvest/Gem/GemHarvestComponent_Opal
SM_PondGems_04_settings,/Game/Atlas/AtlasCoreBP/Harvest/Gem/GemHarvestComponent_Opal
SM_PondGems_10_settings,/Game/Atlas/AtlasCoreBP/Harvest/Gem/GemHarvestComponent_Opal
SM_PoplerTree_A_settings,/Game/Atlas/AtlasCoreBP/Harvest/Wood/WoodHarvestComponent_Freeport.WoodHarvestComponent_Freeport
SM_PoplerTree_B_settings,/Game/Atlas/AtlasCoreBP/Harvest/Wood/WoodHarvestComponent_Freeport.WoodHarvestComponent_Freeport
SM_QuartzA_settings,/Game/Atlas/AtlasCoreBP/HarvestComponents/FreePort/CrystalHarvestComponent_BASE
SM_Radiolarite_settings,/Game/Atlas/AtlasCoreBP/HarvestComponents/FreePort/FlintHarvestComponent_BASE.FlintHarvestComponent_BASE
SM_RainbowEucalyptus_settings,/Game/Atlas/AtlasCoreBP/Harvest/Wood/WoodHarvestComponent_Freeport.WoodHarvestComponent_Freeport
SM_RainbowEucalyptus2_settings,/Game/Atlas/AtlasCoreBP/Harvest/Wood/WoodHarvestComponent_Freeport.WoodHarvestComponent_Freeport
SM_RainbowEucalyptusSapling_settings,/Game/Atlas/AtlasCoreBP/Harvest/Wood/WoodHarvestComponent_Sappling_Freeport.WoodHarvestComponent_Sappling_Freeport
SM_RedMaple_settings,/Game/Atlas/AtlasCoreBP/Harvest/Wood/WoodHarvestComponent_Freeport.WoodHarvestComponent_Freeport
SM_RedMaple2_settings,/Game/Atlas/AtlasCoreBP/Harvest/Wood/WoodHarvestComponent_Freeport.WoodHarvestComponent_Freeport
SM_RedMapleSapling_settings,/Game/Atlas/AtlasCoreBP/Harvest/Wood/WoodHarvestComponent_Sappling_Freeport.WoodHarvestComponent_Sappling_Freeport
SM_RedMapleShrub_settings,/Game/Atlas/AtlasCoreBP/Harvest/Thatch/ThatchHarvestComponent_Freeport.ThatchHarvestComponent_Freeport
SM_RedstemColocasia_02_settings,/Game/Atlas/AtlasCoreBP/Harvest/Thatch/ThatchHarvestComponent_Freeport.ThatchHarvestComponent_Freeport
SM_RedstemColocasia_05_settings,/Game/Atlas/AtlasCoreBP/Harvest/Thatch/ThatchHarvestComponent_Freeport.ThatchHarvestComponent_Freeport
SM_Reeds1_settings,/Game/Atlas/AtlasCoreBP/Harvest/Thatch/ThatchHarvestComponent_Freeport.ThatchHarvestComponent_Freeport
SM_Reeds2_settings,/Game/Atlas/AtlasCoreBP/Harvest/Thatch/ThatchHarvestComponent_Freeport.ThatchHarvestComponent_Freeport
SM_RhapisExcelsa_A_settings,/Game/Atlas/AtlasCoreBP/Harvest/Fiber/FiberHarvestComponent_BASE.FiberHarvestComponent_BASE
SM_RhapisExcelsa_B_settings,/Game/Atlas/AtlasCoreBP/Harvest/Fiber/FiberHarvestComponent_BASE.FiberHarvestComponent_BASE
SM_RhapisExcelsa_C_settings,/Game/Atlas/AtlasCoreBP/Harvest/Fiber/FiberHarvestComponent_BASE.FiberHarvestComponent_BASE
SM_RhapisExcelsa_D_settings,/Game/Atlas/AtlasCoreBP/Harvest/Fiber/FiberHarvestComponent_BASE.FiberHarvestComponent_BASE
SM_RhapisExcelsa_E_settings,/Game/Atlas/AtlasCoreBP/Harvest/Fiber/FiberHarvestComponent_BASE.FiberHarvestComponent_BASE
SM_RhapisExcelsa_F_settings,/Game/Atlas/AtlasCoreBP/Harvest/Fiber/FiberHarvestComponent_BASE.FiberHarvestComponent_BASE
SM_RiverRock_01_settings,/Game/Mods/2783113712/Foliage/StoneFlintMetal/StoneFlintMetalHarvestComponent_Small_BASE.StoneFlintMetalHarvestComponent_Small_BASE
SM_RiverRock_02_settings,/Game/Mods/2783113712/Foliage/StoneFlintMetal/StoneFlintMetalHarvestComponent_Small_BASE.StoneFlintMetalHarvestComponent_Small_BASE
SM_RiverRock_03_settings,/Game/Mods/2783113712/Foliage/StoneFlintMetal/StoneFlintMetalHarvestComponent_Small_BASE.StoneFlintMetalHarvestComponent_Small_BASE
SM_RiverRock_04_settings,/Game/Mods/2783113712/Foliage/StoneFlintMetal/StoneFlintMetalHarvestComponent_Small_BASE.StoneFlintMetalHarvestComponent_Small_BASE
SM_RiverRock_05_settings,/Game/Mods/2783113712/Foliage/StoneFlintMetal/StoneFlintMetalHarvestComponent_Small_BASE.StoneFlintMetalHarvestComponent_Small_BASE
SM_RiverRocks_settings,/Game/Mods/2783113712/Foliage/StoneFlintMetal/StoneFlintMetalHarvestComponent_Small_BASE.StoneFlintMetalHarvestComponent_Small_BASE
SM_RiverStone_01_Settings,/Game/Mods/2783113712/Foliage/StoneFlintMetal/StoneFlintMetalHarvestComponent_Small_BASE.StoneFlintMetalHarvestComponent_Small_BASE
SM_RiverStone_02_Settings,/Game/Mods/2783113712/Foliage/StoneFlintMetal/StoneFlintMetalHarvestComponent_Small_BASE.StoneFlintMetalHarvestComponent_Small_BASE
SM_RiverStone_03_Settings,/Game/Mods/2783113712/Foliage/StoneFlintMetal/StoneFlintMetalHarvestComponent_Small_BASE.StoneFlintMetalHarvestComponent_Small_BASE
SM_RiverStone_04_Settings,/Game/Mods/2783113712/Foliage/StoneFlintMetal/StoneFlintMetalHarvestComponent_Small_BASE.StoneFlintMetalHarvestComponent_Small_BASE
SM_Rock_Lrg_A_Moss_settings,/Game/Mods/2783113712/Foliage/StoneFlintMetal/StoneFlintMetalHarvestComponent_Standard_BASE.StoneFlintMetalHarvestComponent_Standard_BASE
SM_Rock01_settings,/Game/Mods/2783113712/Foliage/StoneFlintMetal/StoneFlintMetalHarvestComponent_Small_BASE.StoneFlintMetalHarvestComponent_Small_BASE
SM_RockB05_settings,/Game/Mods/2783113712/Foliage/StoneFlintMetal/StoneFlintMetalHarvestComponent_Standard_BASE.StoneFlintMetalHarvestComponent_Standard_BASE
SM_RockC03_settings,/Game/Mods/2783113712/Foliage/StoneFlintMetal/StoneFlintMetalHarvestComponent_Standard_BASE.StoneFlintMetalHarvestComponent_Standard_BASE
SM_RockGolem_Harvestable_settings,/Game/Mods/2783113712/Foliage/StoneFlintMetal/StoneFlintMetalHarvestComponent_Large_BASE.StoneFlintMetalHarvestComponent_Large_BASE
SM_RockGravel_02_settings,/Game/Mods/2783113712/Foliage/StoneFlintMetal/StoneFlintMetalHarvestComponent_Large_BASE.StoneFlintMetalHarvestComponent_Large_BASE
SM_RockGravel_Foliage_settings,/Game/Mods/2783113712/Foliage/StoneFlintMetal/StoneFlintMetalHarvestComponent_Large_BASE.StoneFlintMetalHarvestComponent_Large_BASE
SM_Rocks_Med_A_Settings,/Game/Mods/2783113712/Foliage/StoneFlintMetal/StoneFlintMetalHarvestComponent_Large_BASE.StoneFlintMetalHarvestComponent_Large_BASE
SM_Rocks_Med_A_settings,/Game/Mods/2783113712/Foliage/StoneFlintMetal/StoneFlintMetalHarvestComponent_Large_BASE.StoneFlintMetalHarvestComponent_Large_BASE
SM_Rocks_Med_B_Settings,/Game/Mods/2783113712/Foliage/StoneFlintMetal/StoneFlintMetalHarvestComponent_Large_BASE.StoneFlintMetalHarvestComponent_Large_BASE
SM_Rocks_Med_B_settings,/Game/Mods/2783113712/Foliage/StoneFlintMetal/StoneFlintMetalHarvestComponent_Large_BASE.StoneFlintMetalHarvestComponent_Large_BASE
SM_Rocks_Med_C_Settings,/Game/Mods/2783113712/Foliage/StoneFlintMetal/StoneFlintMetalHarvestComponent_Large_BASE.StoneFlintMetalHarvestComponent_Large_BASE
SM_Rocks_Med_C_settings,/Game/Mods/2783113712/Foliage/StoneFlintMetal/StoneFlintMetalHarvestComponent_Large_BASE.StoneFlintMetalHarvestComponent_Large_BASE
SM_Rocks_Med_D_Settings,/Game/Mods/2783113712/Foliage/StoneFlintMetal/StoneFlintMetalHarvestComponent_Large_BASE.StoneFlintMetalHarvestComponent_Large_BASE
SM_Rocks_Med_D_settings,/Game/Mods/2783113712/Foliage/StoneFlintMetal/StoneFlintMetalHarvestComponent_Large_BASE.StoneFlintMetalHarvestComponent_Large_BASE
SM_RockyPebbles_settings,/Game/Mods/2783113712/Foliage/StoneFlintMetal/StoneFlintMetalHarvestComponent_Large_BASE.StoneFlintMetalHarvestComponent_Large_BASE
SM_Root_01_settings,/Game/Atlas/AtlasCoreBP/Harvest/Thatch/ThatchHarvestComponent_Freeport.ThatchHarvestComponent_Freeport
SM_Root_02_settings,/Game/Atlas/AtlasCoreBP/Harvest/Thatch/ThatchHarvestComponent_Freeport.ThatchHarvestComponent_Freeport
SM_Root_03_settings,/Game/Atlas/AtlasCoreBP/Harvest/Thatch/ThatchHarvestComponent_Freeport.ThatchHarvestComponent_Freeport
SM_Root_04_settings,/Game/Atlas/AtlasCoreBP/Harvest/Thatch/ThatchHarvestComponent_Freeport.ThatchHarvestComponent_Freeport
SM_Root_05_settings,/Game/Atlas/AtlasCoreBP/Harvest/Thatch/ThatchHarvestComponent_Freeport.ThatchHarvestComponent_Freeport
SM_Root_06_settings,/Game/Atlas/AtlasCoreBP/Harvest/Thatch/ThatchHarvestComponent_Freeport.ThatchHarvestComponent_Freeport
SM_Root_07_settings,/Game/Atlas/AtlasCoreBP/Harvest/Thatch/ThatchHarvestComponent_Freeport.ThatchHarvestComponent_Freeport
SM_Root_08_settings,/Game/Atlas/AtlasCoreBP/Harvest/Thatch/ThatchHarvestComponent_Freeport.ThatchHarvestComponent_Freeport
SM_Roots01_settings,/Game/Atlas/AtlasCoreBP/Harvest/Thatch/ThatchHarvestComponent_Freeport.ThatchHarvestComponent_Freeport
SM_Roots02_settings,/Game/Atlas/AtlasCoreBP/Harvest/Thatch/ThatchHarvestComponent_Freeport.ThatchHarvestComponent_Freeport
SM_Roots03_settings,/Game/Atlas/AtlasCoreBP/Harvest/Thatch/ThatchHarvestComponent_Freeport.ThatchHarvestComponent_Freeport
SM_RoyalLily_settings,/Game/Atlas/AtlasCoreBP/Harvest/Fiber/FiberHarvestComponent_BASE.FiberHarvestComponent_BASE
SM_RoyalLily_settings,/Game/Atlas/AtlasCoreBP/Harvest/Sap/SapHarvestComponent_Latex.SapHarvestComponent_Latex
SM_RoyalLily_settings,/Game/Atlas/AtlasCoreBP/Harvest/Sap/SapHarvestComponent_Resin.SapHarvestComponent_Resin
SM_Ruby_settings,/Game/Atlas/AtlasCoreBP/Harvest/Gem/GemHarvestComponent_Opal
SM_Ruins_Rubble_A_settings,/Game/Mods/2783113712/Foliage/StoneFlintMetal/StoneFlintMetalHarvestComponent_Large_BASE.StoneFlintMetalHarvestComponent_Large_BASE
SM_Ruins_Rubble_B_settings,/Game/Mods/2783113712/Foliage/StoneFlintMetal/StoneFlintMetalHarvestComponent_Large_BASE.StoneFlintMetalHarvestComponent_Large_BASE
SM_Ruins_Rubble_C_settings,/Game/Mods/2783113712/Foliage/StoneFlintMetal/StoneFlintMetalHarvestComponent_Large_BASE.StoneFlintMetalHarvestComponent_Large_BASE
SM_Ruins_Rubble_D_settings,/Game/Mods/2783113712/Foliage/StoneFlintMetal/StoneFlintMetalHarvestComponent_Large_BASE.StoneFlintMetalHarvestComponent_Large_BASE
SM_Sandstone_settings,/Game/Mods/2783113712/Foliage/StoneFlintMetal/StoneFlintMetalHarvestComponent_Standard_BASE.StoneFlintMetalHarvestComponent_Standard_BASE
SM_SeaSalt_01_settings,/Game/Atlas/AtlasCoreBP/HarvestComponents/FreePort/PreservativeHarvestComponent_Base
SM_SeaSalt_02_settings,/Game/Atlas/AtlasCoreBP/HarvestComponents/FreePort/PreservativeHarvestComponent_Base
SM_SeaSalt_03_settings,/Game/Atlas/AtlasCoreBP/HarvestComponents/FreePort/PreservativeHarvestComponent_Base
SM_Seaweed_C1_settings,/Game/Atlas/AtlasCoreBP/Harvest/Fiber/FiberHarvestComponent_BASE.FiberHarvestComponent_BASE
SM_Seaweed_C2_settings,/Game/Atlas/AtlasCoreBP/Harvest/Fiber/FiberHarvestComponent_BASE.FiberHarvestComponent_BASE
SM_Seaweed_C3_settings,/Game/Atlas/AtlasCoreBP/Harvest/Fiber/FiberHarvestComponent_BASE.FiberHarvestComponent_BASE
SM_SharpRocks_settings,/Game/Mods/2783113712/Foliage/StoneFlintMetal/StoneFlintMetalHarvestComponent_Large_BASE.StoneFlintMetalHarvestComponent_Large_BASE
SM_Shrub_A_settings,/Game/Atlas/AtlasCoreBP/Harvest/Fiber/FiberHarvestComponent_BASE.FiberHarvestComponent_BASE
SM_Shrub_B_settings,/Game/Atlas/AtlasCoreBP/Harvest/Fiber/FiberHarvestComponent_BASE.FiberHarvestComponent_BASE
SM_Shrub_C_settings,/Game/Atlas/AtlasCoreBP/Harvest/Fiber/FiberHarvestComponent_BASE.FiberHarvestComponent_BASE
SM_Shrub_D_settings,/Game/Atlas/AtlasCoreBP/Harvest/Fiber/FiberHarvestComponent_BASE.FiberHarvestComponent_BASE
SM_Silver_settings,/Game/Atlas/AtlasCoreBP/HarvestComponents/FreePort/MetalHarvestComponent_BASE
SM_SlateA_settings,/Game/Mods/2783113712/Foliage/StoneFlintMetal/StoneFlintMetalHarvestComponent_Standard_BASE.StoneFlintMetalHarvestComponent_Standard_BASE
SM_SlateB_settings,/Game/Mods/2783113712/Foliage/StoneFlintMetal/StoneFlintMetalHarvestComponent_Standard_BASE.StoneFlintMetalHarvestComponent_Standard_BASE
SM_SmallSwampRock_01_settings,/Game/Mods/2783113712/Foliage/StoneFlintMetal/StoneFlintMetalHarvestComponent_Standard_BASE.StoneFlintMetalHarvestComponent_Standard_BASE
SM_SmallSwampRock_02_settings,/Game/Mods/2783113712/Foliage/StoneFlintMetal/StoneFlintMetalHarvestComponent_Standard_BASE.StoneFlintMetalHarvestComponent_Standard_BASE
SM_SmallSwampRock_03_settings,/Game/Mods/2783113712/Foliage/StoneFlintMetal/StoneFlintMetalHarvestComponent_Standard_BASE.StoneFlintMetalHarvestComponent_Standard_BASE
SM_SmallSwampRock_04_settings,/Game/Mods/2783113712/Foliage/StoneFlintMetal/StoneFlintMetalHarvestComponent_Standard_BASE.StoneFlintMetalHarvestComponent_Standard_BASE
SM_SmallSwampRock_05_settings,/Game/Mods/2783113712/Foliage/StoneFlintMetal/StoneFlintMetalHarvestComponent_Standard_BASE.StoneFlintMetalHarvestComponent_Standard_BASE
SM_Straw_settings,/Game/Atlas/AtlasCoreBP/Harvest/Fiber/FiberHarvestComponent_BASE.FiberHarvestComponent_BASE
SM_Stump_A_Settings,/Game/Atlas/AtlasCoreBP/Harvest/Wood/WoodHarvestComponent_Sappling_Freeport.WoodHarvestComponent_Sappling_Freeport
SM_Stump_B_Settings,/Game/Atlas/AtlasCoreBP/Harvest/Wood/WoodHarvestComponent_Sappling_Freeport.WoodHarvestComponent_Sappling_Freeport
SM_Sugar_CaneA_Settings,/Game/Atlas/AtlasCoreBP/HarvestComponents/FreePort/SapHarvestComponent_BASE_Hand
SM_Sugar_CaneB_Settings,/Game/Atlas/AtlasCoreBP/HarvestComponents/FreePort/SapHarvestComponent_BASE_Hand
SM_Sunstone_settings,/Game/Atlas/AtlasCoreBP/Harvest/Gem/GemHarvestComponent_Opal
SM_Tellurite_settings,/Game/Atlas/AtlasCoreBP/HarvestComponents/FreePort/CrystalHarvestComponent_BASE
SM_Tellurite_settings,/Game/Atlas/AtlasCoreBP/HarvestComponents/FreePort/CrystalHarvestComponent_BASE
SM_TropicalPalm1_settings,/Game/Atlas/AtlasCoreBP/Harvest/Fiber/FiberHarvestComponent_BASE.FiberHarvestComponent_BASE
SM_TropicalPalm2_settings,/Game/Atlas/AtlasCoreBP/Harvest/Fiber/FiberHarvestComponent_BASE.FiberHarvestComponent_BASE
SM_TropicalPalm3_settings,/Game/Atlas/AtlasCoreBP/Harvest/Fiber/FiberHarvestComponent_BASE.FiberHarvestComponent_BASE
SM_Wax_settings,/Game/Atlas/AtlasCoreBP/Harvest/Fiber/FiberHarvestComponent_BASE.FiberHarvestComponent_BASE
SM_Wax_settings,/Game/Atlas/AtlasCoreBP/Harvest/Sap/SapHarvestComponent_Wax.SapHarvestComponent_Wax
SM_WTS_BeachRock_A_settings,/Game/Mods/2783113712/Foliage/StoneFlintMetal/StoneFlintMetalHarvestComponent_Small_BASE.StoneFlintMetalHarvestComponent_Small_BASE
SM_WTS_BeachRock_A_settings_02,/Game/Mods/2783113712/Foliage/StoneFlintMetal/StoneFlintMetalHarvestComponent_Small_BASE.StoneFlintMetalHarvestComponent_Small_BASE
SM_WTS_BeachRock_B_settings,/Game/Mods/2783113712/Foliage/StoneFlintMetal/StoneFlintMetalHarvestComponent_Small_BASE.StoneFlintMetalHarvestComponent_Small_BASE
SM_WTS_BeachRock_C_settings,/Game/Mods/2783113712/Foliage/StoneFlintMetal/StoneFlintMetalHarvestComponent_Small_BASE.StoneFlintMetalHarvestComponent_Small_BASE
SM_WTS_BeachRock_D_settings,/Game/Mods/2783113712/Foliage/StoneFlintMetal/StoneFlintMetalHarvestComponent_Small_BASE.StoneFlintMetalHarvestComponent_Small_BASE
SM_WTS_BeachRock_E_settings,/Game/Mods/2783113712/Foliage/StoneFlintMetal/StoneFlintMetalHarvestComponent_Small_BASE.StoneFlintMetalHarvestComponent_Small_BASE
SM_WTS_Log_A_settings,/Game/Atlas/AtlasCoreBP/Harvest/Wood/WoodHarvestComponent_Sappling_Freeport.WoodHarvestComponent_Sappling_Freeport
SM_WTS_Log_B_settings,/Game/Atlas/AtlasCoreBP/Harvest/Wood/WoodHarvestComponent_Sappling_Freeport.WoodHarvestComponent_Sappling_Freeport
SM_WTS_Rock_Lrg_A_Foliage_settings,/Game/Mods/2783113712/Foliage/StoneFlintMetal/StoneFlintMetalHarvestComponent_Huge_BASE.StoneFlintMetalHarvestComponent_Huge_BASE
SM_WTS_Rock_Lrg_A_settings,/Game/Mods/2783113712/Foliage/StoneFlintMetal/StoneFlintMetalHarvestComponent_Huge_BASE.StoneFlintMetalHarvestComponent_Huge_BASE
SM_WTS_Rock_Lrg_B_Foliage_settings,/Game/Mods/2783113712/Foliage/StoneFlintMetal/StoneFlintMetalHarvestComponent_Huge_BASE.StoneFlintMetalHarvestComponent_Huge_BASE
SM_WTS_Rock_Lrg_B_settings,/Game/Mods/2783113712/Foliage/StoneFlintMetal/StoneFlintMetalHarvestComponent_Huge_BASE.StoneFlintMetalHarvestComponent_Huge_BASE
SM_WTS_Rock_Med_A_settings,/Game/Mods/2783113712/Foliage/StoneFlintMetal/StoneFlintMetalHarvestComponent_Large_BASE.StoneFlintMetalHarvestComponent_Large_BASE
SM_WTS_Rock_Med_B_settings,/Game/Mods/2783113712/Foliage/StoneFlintMetal/StoneFlintMetalHarvestComponent_Large_BASE.StoneFlintMetalHarvestComponent_Large_BASE
SM_WTS_Rock_Med_C_settings,/Game/Mods/2783113712/Foliage/StoneFlintMetal/StoneFlintMetalHarvestComponent_Large_BASE.StoneFlintMetalHarvestComponent_Large_BASE
SM_WTS_Rock_Med_D_settings,/Game/Mods/2783113712/Foliage/StoneFlintMetal/StoneFlintMetalHarvestComponent_Large_BASE.StoneFlintMetalHarvestComponent_Large_BASE
SM_WTS_Rock_SML_A_settings,/Game/Mods/2783113712/Foliage/StoneFlintMetal/StoneFlintMetalHarvestComponent_Small_BASE.StoneFlintMetalHarvestComponent_Small_BASE
SM_WTS_Rock_SML_B_settings,/Game/Mods/2783113712/Foliage/StoneFlintMetal/StoneFlintMetalHarvestComponent_Small_BASE.StoneFlintMetalHarvestComponent_Small_BASE
SM_WTS_Rock_SML_C_settings,/Game/Mods/2783113712/Foliage/StoneFlintMetal/StoneFlintMetalHarvestComponent_Small_BASE.StoneFlintMetalHarvestComponent_Small_BASE
SM_WTS_Rock_SML_D_settings,/Game/Mods/2783113712/Foliage/StoneFlintMetal/StoneFlintMetalHarvestComponent_Small_BASE.StoneFlintMetalHarvestComponent_Small_BASE
SM_WTS_RockPile_A_settings,/Game/Mods/2783113712/Foliage/StoneFlintMetal/StoneFlintMetalHarvestComponent_Small_BASE.StoneFlintMetalHarvestComponent_Small_BASE
SM_WTS_Rocks_Med_A_settings,/Game/Mods/2783113712/Foliage/StoneFlintMetal/StoneFlintMetalHarvestComponent_Standard_BASE.StoneFlintMetalHarvestComponent_Standard_BASE
SM_WTS_Rocks_Med_B_settings,/Game/Mods/2783113712/Foliage/StoneFlintMetal/StoneFlintMetalHarvestComponent_Large_BASE.StoneFlintMetalHarvestComponent_Large_BASE
SM_WTS_Rocks_Med_C_settings,/Game/Mods/2783113712/Foliage/StoneFlintMetal/StoneFlintMetalHarvestComponent_Large_BASE.StoneFlintMetalHarvestComponent_Large_BASE
SM_WTS_Wood_Med_A_settings,/Game/Atlas/AtlasCoreBP/Harvest/Wood/WoodHarvestComponent_Freeport.WoodHarvestComponent_Freeport
SM_WTS_WoodClutter_A_settings,/Game/Atlas/AtlasCoreBP/Harvest/Wood/WoodHarvestComponent_Freeport.WoodHarvestComponent_Freeport
SmallRock01_settings,/Game/Mods/2783113712/Foliage/StoneFlintMetal/StoneFlintMetalHarvestComponent_Small_BASE.StoneFlintMetalHarvestComponent_Small_BASE
SmallRock04_RichMetal_Settings,/Game/Mods/2783113712/Foliage/StoneFlintMetal/StoneFlintMetalHarvestComponent_Standard_BASE.StoneFlintMetalHarvestComponent_Standard_BASE
SmallRock04_settings,/Game/Mods/2783113712/Foliage/StoneFlintMetal/StoneFlintMetalHarvestComponent_Small_BASE.StoneFlintMetalHarvestComponent_Small_BASE
SmallRockA_settings,/Game/Mods/2783113712/Foliage/StoneFlintMetal/StoneFlintMetalHarvestComponent_Small_BASE.StoneFlintMetalHarvestComponent_Small_BASE
SmallVine_settings,/Game/Atlas/AtlasCoreBP/Harvest/Thatch/ThatchHarvestComponent_Freeport.ThatchHarvestComponent_Freeport
SRock01_settings,/Game/Mods/2783113712/Foliage/StoneFlintMetal/StoneFlintMetalHarvestComponent_Small_BASE.StoneFlintMetalHarvestComponent_Small_BASE
SRock02_settings,/Game/Mods/2783113712/Foliage/StoneFlintMetal/StoneFlintMetalHarvestComponent_Small_BASE.StoneFlintMetalHarvestComponent_Small_BASE
SRock03_settings,/Game/Mods/2783113712/Foliage/StoneFlintMetal/StoneFlintMetalHarvestComponent_Small_BASE.StoneFlintMetalHarvestComponent_Small_BASE
Sulfur_settings,/Game/Atlas/AtlasCoreBP/HarvestComponents/FreePort/CoalHarvestComponent_BASE
Sycamore_American_Field_settings,/Game/Atlas/AtlasCoreBP/Harvest/Wood/WoodHarvestComponent_Freeport.WoodHarvestComponent_Freeport
Sycamore_American_Forest_settings,/Game/Atlas/AtlasCoreBP/Harvest/Wood/WoodHarvestComponent_Freeport.WoodHarvestComponent_Freeport
Sycamore_American_Sapling_1_settings,/Game/Atlas/AtlasCoreBP/Harvest/Wood/WoodHarvestComponent_Freeport.WoodHarvestComponent_Freeport
Sycamore_American_Sapling_2_settings,/Game/Atlas/AtlasCoreBP/Harvest/Wood/WoodHarvestComponent_Freeport.WoodHarvestComponent_Freeport
Sycamore_American_Sapling_3_settings,/Game/Atlas/AtlasCoreBP/Harvest/Wood/WoodHarvestComponent_Sappling_Freeport.WoodHarvestComponent_Sappling_Freeport
Sycamore_American_Seedling_settings,/Game/Atlas/AtlasCoreBP/Harvest/Wood/WoodHarvestComponent_Sappling_Freeport.WoodHarvestComponent_Sappling_Freeport
Syrup_settings,/Game/Atlas/AtlasCoreBP/Harvest/Fiber/FiberHarvestComponent_BASE.FiberHarvestComponent_BASE
Syrup_settings,/Game/Atlas/AtlasCoreBP/Harvest/Sap/SapHarvestComponent_Syrup.SapHarvestComponent_Syrup
Tamarack01_settings,/Game/Atlas/AtlasCoreBP/Harvest/Wood/WoodHarvestComponent_Freeport.WoodHarvestComponent_Freeport
Tamarack02_settings,/Game/Atlas/AtlasCoreBP/Harvest/Wood/WoodHarvestComponent_Freeport.WoodHarvestComponent_Freeport
Tamarack03_settings,/Game/Atlas/AtlasCoreBP/Harvest/Wood/WoodHarvestComponent_Freeport.WoodHarvestComponent_Freeport
Tamarack04_settings,/Game/Atlas/AtlasCoreBP/Harvest/Wood/WoodHarvestComponent_Freeport.WoodHarvestComponent_Freeport
Tamarisk_Snowy_01_settings,/Game/Atlas/AtlasCoreBP/Harvest/Fiber/FiberHarvestComponent_BASE.FiberHarvestComponent_BASE
Tamarisk_Snowy_02_settings,/Game/Atlas/AtlasCoreBP/Harvest/Fiber/FiberHarvestComponent_BASE.FiberHarvestComponent_BASE
Tamarisk_Snowy_03_settings,/Game/Atlas/AtlasCoreBP/Harvest/Fiber/FiberHarvestComponent_BASE.FiberHarvestComponent_BASE
Tin_Settings,/Game/Atlas/AtlasCoreBP/HarvestComponents/FreePort/MetalHarvestComponent_BASE
Toona01_settings,/Game/Atlas/AtlasCoreBP/Harvest/Wood/WoodHarvestComponent_Freeport.WoodHarvestComponent_Freeport
Toona02_settings,/Game/Atlas/AtlasCoreBP/Harvest/Wood/WoodHarvestComponent_Freeport.WoodHarvestComponent_Freeport
Toona03_settings,/Game/Atlas/AtlasCoreBP/Harvest/Wood/WoodHarvestComponent_Freeport.WoodHarvestComponent_Freeport
Torch01_settings,/Game/Atlas/AtlasCoreBP/Harvest/Thatch/ThatchHarvestComponent_Freeport.ThatchHarvestComponent_Freeport
Torch02_settings,/Game/Atlas/AtlasCoreBP/Harvest/Thatch/ThatchHarvestComponent_Freeport.ThatchHarvestComponent_Freeport
Torch03_settings,/Game/Atlas/AtlasCoreBP/Harvest/Thatch/ThatchHarvestComponent_Freeport.ThatchHarvestComponent_Freeport
TropicalFern1_settings,/Game/Atlas/AtlasCoreBP/Harvest/Fiber/FiberHarvestComponent_BASE.FiberHarvestComponent_BASE
TropicalFern2_settings,/Game/Atlas/AtlasCoreBP/Harvest/Fiber/FiberHarvestComponent_BASE.FiberHarvestComponent_BASE
TundraShrub01_settings,/Game/Atlas/AtlasCoreBP/Harvest/Fiber/FiberHarvestComponent_BASE.FiberHarvestComponent_BASE
TundraShrub02_settings,/Game/Atlas/AtlasCoreBP/Harvest/Fiber/FiberHarvestComponent_BASE.FiberHarvestComponent_BASE
UltimateRock_01_settings,/Game/Mods/2783113712/Foliage/StoneFlintMetal/StoneFlintMetalHarvestComponent_Large_BASE.StoneFlintMetalHarvestComponent_Large_BASE
UltimateRock_03_settings,/Game/Mods/2783113712/Foliage/StoneFlintMetal/StoneFlintMetalHarvestComponent_Large_BASE.StoneFlintMetalHarvestComponent_Large_BASE
UltimateRock_04_Moss_settings,/Game/Mods/2783113712/Foliage/StoneFlintMetal/StoneFlintMetalHarvestComponent_Large_BASE.StoneFlintMetalHarvestComponent_Large_BASE
UltimateRock_04_settings,/Game/Mods/2783113712/Foliage/StoneFlintMetal/StoneFlintMetalHarvestComponent_Large_BASE.StoneFlintMetalHarvestComponent_Large_BASE
UltimateRock_04_Snow_settings,/Game/Mods/2783113712/Foliage/StoneFlintMetal/StoneFlintMetalHarvestComponent_Large_BASE.StoneFlintMetalHarvestComponent_Large_BASE
UltimateRock_05_Moss_settings,/Game/Mods/2783113712/Foliage/StoneFlintMetal/StoneFlintMetalHarvestComponent_Large_BASE.StoneFlintMetalHarvestComponent_Large_BASE
UltimateRock_05_settings,/Game/Mods/2783113712/Foliage/StoneFlintMetal/StoneFlintMetalHarvestComponent_Large_BASE.StoneFlintMetalHarvestComponent_Large_BASE
UltimateRock_05_Snow_settings,/Game/Mods/2783113712/Foliage/StoneFlintMetal/StoneFlintMetalHarvestComponent_Large_BASE.StoneFlintMetalHarvestComponent_Large_BASE
UltimateRock_06_Moss_settings,/Game/Mods/2783113712/Foliage/StoneFlintMetal/StoneFlintMetalHarvestComponent_Large_BASE.StoneFlintMetalHarvestComponent_Large_BASE
UltimateRock_06_Snow_settings,/Game/Mods/2783113712/Foliage/StoneFlintMetal/StoneFlintMetalHarvestComponent_Large_BASE.StoneFlintMetalHarvestComponent_Large_BASE
UmbrellaPine_settings,/Game/Atlas/AtlasCoreBP/Harvest/Wood/WoodHarvestComponent_Freeport.WoodHarvestComponent_Freeport
UmbrellaPine2_settings,/Game/Atlas/AtlasCoreBP/Harvest/Wood/WoodHarvestComponent_Freeport.WoodHarvestComponent_Freeport
UnderWater_Rock_01_settings,/Game/Mods/2783113712/Foliage/StoneFlintMetal/StoneFlintMetalHarvestComponent_Large_BASE.StoneFlintMetalHarvestComponent_Large_BASE
UnderWater_Rock_02_settings,/Game/Mods/2783113712/Foliage/StoneFlintMetal/StoneFlintMetalHarvestComponent_Large_BASE.StoneFlintMetalHarvestComponent_Large_BASE
UnderWater_Rock_04_settings,/Game/Mods/2783113712/Foliage/StoneFlintMetal/StoneFlintMetalHarvestComponent_Large_BASE.StoneFlintMetalHarvestComponent_Large_BASE
UnderWater_Rock_05_settings,/Game/Mods/2783113712/Foliage/StoneFlintMetal/StoneFlintMetalHarvestComponent_Large_BASE.StoneFlintMetalHarvestComponent_Large_BASE
UnderWater_Rock_06_settings,/Game/Mods/2783113712/Foliage/StoneFlintMetal/StoneFlintMetalHarvestComponent_Large_BASE.StoneFlintMetalHarvestComponent_Large_BASE
UnderWater_Rock_07_settings,/Game/Mods/2783113712/Foliage/StoneFlintMetal/StoneFlintMetalHarvestComponent_Large_BASE.StoneFlintMetalHarvestComponent_Large_BASE
UnderWater_Rock_08_settings,/Game/Mods/2783113712/Foliage/StoneFlintMetal/StoneFlintMetalHarvestComponent_Large_BASE.StoneFlintMetalHarvestComponent_Large_BASE
VineClutter01_settings,/Game/Atlas/AtlasCoreBP/Harvest/Thatch/ThatchHarvestComponent_Freeport.ThatchHarvestComponent_Freeport
VineClutter02_settings,/Game/Atlas/AtlasCoreBP/Harvest/Thatch/ThatchHarvestComponent_Freeport.ThatchHarvestComponent_Freeport
VineClutter1_settings,/Game/Atlas/AtlasCoreBP/Harvest/Thatch/ThatchHarvestComponent_Freeport.ThatchHarvestComponent_Freeport
VineClutter2_settings,/Game/Atlas/AtlasCoreBP/Harvest/Thatch/ThatchHarvestComponent_Freeport.ThatchHarvestComponent_Freeport
WeepingCedar01_settings,/Game/Atlas/AtlasCoreBP/Harvest/Wood/WoodHarvestComponent_Freeport.WoodHarvestComponent_Freeport
WeepingCedar02_settings,/Game/Atlas/AtlasCoreBP/Harvest/Wood/WoodHarvestComponent_Freeport.WoodHarvestComponent_Freeport
Welwitschia01_settings,/Game/Atlas/AtlasCoreBP/Harvest/Thatch/ThatchHarvestComponent_Freeport.ThatchHarvestComponent_Freeport
Willow01_settings,/Game/Atlas/AtlasCoreBP/Harvest/Wood/WoodHarvestComponent_Freeport.WoodHarvestComponent_Freeport
Willow02_settings,/Game/Atlas/AtlasCoreBP/Harvest/Wood/WoodHarvestComponent_Freeport.WoodHarvestComponent_Freeport
Willow03_settings,/Game/Atlas/AtlasCoreBP/Harvest/Wood/WoodHarvestComponent_Freeport.WoodHarvestComponent_Freeport
Willow04_settings,/Game/Atlas/AtlasCoreBP/Harvest/Wood/WoodHarvestComponent_Freeport.WoodHarvestComponent_Freeport
WillowVine01_settings,/Game/Atlas/AtlasCoreBP/Harvest/Thatch/ThatchHarvestComponent_Freeport.ThatchHarvestComponent_Freeport
WillowVine02_settings,/Game/Atlas/AtlasCoreBP/Harvest/Thatch/ThatchHarvestComponent_Freeport.ThatchHarvestComponent_Freeport
YellowBroomBush_settings,/Game/Atlas/AtlasCoreBP/Harvest/Fiber/FiberHarvestComponent_BASE.FiberHarvestComponent_BASE
YellowBroomBush2_settings,/Game/Atlas/AtlasCoreBP/Harvest/Fiber/FiberHarvestComponent_BASE.FiberHarvestComponent_BASE
YunnanCypress01_settings,/Game/Atlas/AtlasCoreBP/Harvest/Wood/WoodHarvestComponent_Freeport.WoodHarvestComponent_Freeport
YunnanCypress02_settings,/Game/Atlas/AtlasCoreBP/Harvest/Wood/WoodHarvestComponent_Freeport.WoodHarvestComponent_Freeport
