SM_Anthrocite_01_settings,/Game/Atlas/AtlasCoreBP/Harvest/Coal/CoalHarvestComponent_Nitre.CoalHarvestComponent_Nitre
SM_Anthrocite_02_settings,/Game/Atlas/AtlasCoreBP/Harvest/Coal/CoalHarvestComponent_Nitre.CoalHarvestComponent_Nitre
SM_Graphite_01_settings,/Game/Atlas/AtlasCoreBP/Harvest/Coal/CoalHarvestComponent_Nitre.CoalHarvestComponent_Nitre
SM_Lignite_settings,/Game/Atlas/AtlasCoreBP/Harvest/Coal/CoalHarvestComponent_Nitre.CoalHarvestComponent_Nitre
SM_Niter_settings,/Game/Atlas/AtlasCoreBP/Harvest/Coal/CoalHarvestComponent_Nitre.CoalHarvestComponent_Nitre
SM_PeatA_settings,/Game/Atlas/AtlasCoreBP/Harvest/Coal/CoalHarvestComponent_Nitre.CoalHarvestComponent_Nitre
Sulfur_settings,/Game/Atlas/AtlasCoreBP/Harvest/Coal/CoalHarvestComponent_Nitre.CoalHarvestComponent_Nitre
Calcite_settings,/Game/Atlas/AtlasCoreBP/Harvest/Crystal/CrystalHarvestComponent_Quartz.CrystalHarvestComponent_Quartz
SM_Herkimer_settings,/Game/Atlas/AtlasCoreBP/Harvest/Crystal/CrystalHarvestComponent_Quartz.CrystalHarvestComponent_Quartz
SM_QuartzA_settings,/Game/Atlas/AtlasCoreBP/Harvest/Crystal/CrystalHarvestComponent_Quartz.CrystalHarvestComponent_Quartz
SM_Tellurite_settings,/Game/Atlas/AtlasCoreBP/Harvest/Crystal/CrystalHarvestComponent_Quartz.CrystalHarvestComponent_Quartz
SM_Basalt_settings,/Game/Atlas/AtlasCoreBP/Harvest/Flint/FlintHarvestComponent_Basalt.FlintHarvestComponent_Basalt
SM_Chalcedony_settings,/Game/Atlas/AtlasCoreBP/Harvest/Flint/FlintHarvestComponent_Basalt.FlintHarvestComponent_Basalt
SM_Chert_settings,/Game/Atlas/AtlasCoreBP/Harvest/Flint/FlintHarvestComponent_Basalt.FlintHarvestComponent_Basalt
SM_Obsidian_settings,/Game/Atlas/AtlasCoreBP/Harvest/Flint/FlintHarvestComponent_Basalt.FlintHarvestComponent_Basalt
SM_Radiolarite_settings,/Game/Atlas/AtlasCoreBP/Harvest/Flint/FlintHarvestComponent_Basalt.FlintHarvestComponent_Basalt
SM_EmeraldA_settings,/Game/Atlas/AtlasCoreBP/Harvest/Gem/GemHarvestComponent_Opal.GemHarvestComponent_Opal
SM_EmeraldB_settings,/Game/Atlas/AtlasCoreBP/Harvest/Gem/GemHarvestComponent_Opal.GemHarvestComponent_Opal
SM_Opal_settings,/Game/Atlas/AtlasCoreBP/Harvest/Gem/GemHarvestComponent_Opal.GemHarvestComponent_Opal
SM_Ruby_settings,/Game/Atlas/AtlasCoreBP/Harvest/Gem/GemHarvestComponent_Opal.GemHarvestComponent_Opal
SM_Sunstone_settings,/Game/Atlas/AtlasCoreBP/Harvest/Gem/GemHarvestComponent_Opal.GemHarvestComponent_Opal
SM_Cobalt_settings,/Game/Atlas/AtlasCoreBP/Harvest/Metal/MetalHarvestComponent_Iron.MetalHarvestComponent_Iron
SM_Copper_settings,/Game/Atlas/AtlasCoreBP/Harvest/Metal/MetalHarvestComponent_Iron.MetalHarvestComponent_Iron
SM_Iridium_settings,/Game/Atlas/AtlasCoreBP/Harvest/Metal/MetalHarvestComponent_Iron.MetalHarvestComponent_Iron
SM_IronA_settings,/Game/Atlas/AtlasCoreBP/Harvest/Metal/MetalHarvestComponent_Iron.MetalHarvestComponent_Iron
SM_MetalRock_01_Settings,/Game/Atlas/AtlasCoreBP/Harvest/Metal/MetalHarvestComponent_Iron.MetalHarvestComponent_Iron
SM_MetalRock_01_Snow_Settings,/Game/Atlas/AtlasCoreBP/Harvest/Metal/MetalHarvestComponent_Iron.MetalHarvestComponent_Iron
SM_MetalRock_02_RichMetal_Settings,/Game/Atlas/AtlasCoreBP/Harvest/Metal/MetalHarvestComponent_Iron.MetalHarvestComponent_Iron
SM_MetalRock_02_RichMetal_Snow_Settings,/Game/Atlas/AtlasCoreBP/Harvest/Metal/MetalHarvestComponent_Iron.MetalHarvestComponent_Iron
SM_Silver_settings,/Game/Atlas/AtlasCoreBP/Harvest/Metal/MetalHarvestComponent_Iron.MetalHarvestComponent_Iron
Tin_Settings,/Game/Atlas/AtlasCoreBP/Harvest/Metal/MetalHarvestComponent_Iron.MetalHarvestComponent_Iron
SM_OilVein_1_settings,/Game/Atlas/AtlasCoreBP/Harvest/Oil/OilHarvestComponent_Crude.OilHarvestComponent_Crude
SM_OilVein_2_settings,/Game/Atlas/AtlasCoreBP/Harvest/Oil/OilHarvestComponent_Crude.OilHarvestComponent_Crude
FlakeSalt1_settings,/Game/Atlas/AtlasCoreBP/Harvest/Preservative/PreservativeHarvestComponent_RockSalt.PreservativeHarvestComponent_RockSalt
FlakeSalt2_settings,/Game/Atlas/AtlasCoreBP/Harvest/Preservative/PreservativeHarvestComponent_RockSalt.PreservativeHarvestComponent_RockSalt
SM_Iodine_settings,/Game/Atlas/AtlasCoreBP/Harvest/Preservative/PreservativeHarvestComponent_RockSalt.PreservativeHarvestComponent_RockSalt
SM_KalaNamak_settings,/Game/Atlas/AtlasCoreBP/Harvest/Preservative/PreservativeHarvestComponent_RockSalt.PreservativeHarvestComponent_RockSalt
SM_SeaSalt_01_settings,/Game/Atlas/AtlasCoreBP/Harvest/Preservative/PreservativeHarvestComponent_RockSalt.PreservativeHarvestComponent_RockSalt
SM_SeaSalt_02_settings,/Game/Atlas/AtlasCoreBP/Harvest/Preservative/PreservativeHarvestComponent_RockSalt.PreservativeHarvestComponent_RockSalt
SM_SeaSalt_03_settings,/Game/Atlas/AtlasCoreBP/Harvest/Preservative/PreservativeHarvestComponent_RockSalt.PreservativeHarvestComponent_RockSalt
LRock01_settings,/Game/Atlas/AtlasCoreBP/Harvest/Stone/Limestone/StoneHarvestComponent_Huge_Limestone.StoneHarvestComponent_Huge_Limestone
LRock02_settings,/Game/Atlas/AtlasCoreBP/Harvest/Stone/Limestone/StoneHarvestComponent_Huge_Limestone.StoneHarvestComponent_Huge_Limestone
LRock03_settings,/Game/Atlas/AtlasCoreBP/Harvest/Stone/Limestone/StoneHarvestComponent_Huge_Limestone.StoneHarvestComponent_Huge_Limestone
SM_ArcticRock_Huge_A_settings,/Game/Atlas/AtlasCoreBP/Harvest/Stone/Limestone/StoneHarvestComponent_Huge_Limestone.StoneHarvestComponent_Huge_Limestone
SM_ArcticRock_Huge_B_settings,/Game/Atlas/AtlasCoreBP/Harvest/Stone/Limestone/StoneHarvestComponent_Huge_Limestone.StoneHarvestComponent_Huge_Limestone
SM_ETS_Rock_Lrg_A_settings,/Game/Atlas/AtlasCoreBP/Harvest/Stone/Limestone/StoneHarvestComponent_Huge_Limestone.StoneHarvestComponent_Huge_Limestone
SM_ETS_Rock_Lrg_B_settings,/Game/Atlas/AtlasCoreBP/Harvest/Stone/Limestone/StoneHarvestComponent_Huge_Limestone.StoneHarvestComponent_Huge_Limestone
SM_WTS_Rock_Lrg_A_Foliage_settings,/Game/Atlas/AtlasCoreBP/Harvest/Stone/Limestone/StoneHarvestComponent_Huge_Limestone.StoneHarvestComponent_Huge_Limestone
SM_WTS_Rock_Lrg_A_settings,/Game/Atlas/AtlasCoreBP/Harvest/Stone/Limestone/StoneHarvestComponent_Huge_Limestone.StoneHarvestComponent_Huge_Limestone
SM_WTS_Rock_Lrg_B_Foliage_settings,/Game/Atlas/AtlasCoreBP/Harvest/Stone/Limestone/StoneHarvestComponent_Huge_Limestone.StoneHarvestComponent_Huge_Limestone
SM_WTS_Rock_Lrg_B_settings,/Game/Atlas/AtlasCoreBP/Harvest/Stone/Limestone/StoneHarvestComponent_Huge_Limestone.StoneHarvestComponent_Huge_Limestone
MRock_01_settings,/Game/Atlas/AtlasCoreBP/Harvest/Stone/Limestone/StoneHarvestComponent_Large_Limestone.StoneHarvestComponent_Large_Limestone
MRock_02_settings,/Game/Atlas/AtlasCoreBP/Harvest/Stone/Limestone/StoneHarvestComponent_Large_Limestone.StoneHarvestComponent_Large_Limestone
MRock_03_settings,/Game/Atlas/AtlasCoreBP/Harvest/Stone/Limestone/StoneHarvestComponent_Large_Limestone.StoneHarvestComponent_Large_Limestone
Rock_Large_Tropics_A_Settings,/Game/Atlas/AtlasCoreBP/Harvest/Stone/Limestone/StoneHarvestComponent_Large_Limestone.StoneHarvestComponent_Large_Limestone
Rock_Large_Tropics_B_Settings,/Game/Atlas/AtlasCoreBP/Harvest/Stone/Limestone/StoneHarvestComponent_Large_Limestone.StoneHarvestComponent_Large_Limestone
RockGroup01_settings,/Game/Atlas/AtlasCoreBP/Harvest/Stone/Limestone/StoneHarvestComponent_Large_Limestone.StoneHarvestComponent_Large_Limestone
SM_ArcticRock_Lrg_A_settings,/Game/Atlas/AtlasCoreBP/Harvest/Stone/Limestone/StoneHarvestComponent_Large_Limestone.StoneHarvestComponent_Large_Limestone
SM_ArcticRock_Lrg_B_settings,/Game/Atlas/AtlasCoreBP/Harvest/Stone/Limestone/StoneHarvestComponent_Large_Limestone.StoneHarvestComponent_Large_Limestone
SM_EasternRock_a_settings,/Game/Atlas/AtlasCoreBP/Harvest/Stone/Limestone/StoneHarvestComponent_Large_Limestone.StoneHarvestComponent_Large_Limestone
SM_EasternRock_A_Snow_settings,/Game/Atlas/AtlasCoreBP/Harvest/Stone/Limestone/StoneHarvestComponent_Large_Limestone.StoneHarvestComponent_Large_Limestone
SM_EasternRock_b_settings,/Game/Atlas/AtlasCoreBP/Harvest/Stone/Limestone/StoneHarvestComponent_Large_Limestone.StoneHarvestComponent_Large_Limestone
SM_EasternRock_b_Snow_settings,/Game/Atlas/AtlasCoreBP/Harvest/Stone/Limestone/StoneHarvestComponent_Large_Limestone.StoneHarvestComponent_Large_Limestone
SM_EasternRock_c_settings,/Game/Atlas/AtlasCoreBP/Harvest/Stone/Limestone/StoneHarvestComponent_Large_Limestone.StoneHarvestComponent_Large_Limestone
SM_EasternRock_c_Snow_settings,/Game/Atlas/AtlasCoreBP/Harvest/Stone/Limestone/StoneHarvestComponent_Large_Limestone.StoneHarvestComponent_Large_Limestone
SM_EasternRock_d_settings,/Game/Atlas/AtlasCoreBP/Harvest/Stone/Limestone/StoneHarvestComponent_Large_Limestone.StoneHarvestComponent_Large_Limestone
SM_EasternRock_D_Snow_settings,/Game/Atlas/AtlasCoreBP/Harvest/Stone/Limestone/StoneHarvestComponent_Large_Limestone.StoneHarvestComponent_Large_Limestone
SM_EasternRock_e_Snow_settings,/Game/Atlas/AtlasCoreBP/Harvest/Stone/Limestone/StoneHarvestComponent_Large_Limestone.StoneHarvestComponent_Large_Limestone
SM_EasternRock_f_settings,/Game/Atlas/AtlasCoreBP/Harvest/Stone/Limestone/StoneHarvestComponent_Large_Limestone.StoneHarvestComponent_Large_Limestone
SM_EasternRock_f_Snow_settings,/Game/Atlas/AtlasCoreBP/Harvest/Stone/Limestone/StoneHarvestComponent_Large_Limestone.StoneHarvestComponent_Large_Limestone
SM_ERS_Rock_Med_A_settings,/Game/Atlas/AtlasCoreBP/Harvest/Stone/Limestone/StoneHarvestComponent_Large_Limestone.StoneHarvestComponent_Large_Limestone
SM_ERS_Rock_Med_B_settings,/Game/Atlas/AtlasCoreBP/Harvest/Stone/Limestone/StoneHarvestComponent_Large_Limestone.StoneHarvestComponent_Large_Limestone
SM_ERS_Rock_Med_C_settings,/Game/Atlas/AtlasCoreBP/Harvest/Stone/Limestone/StoneHarvestComponent_Large_Limestone.StoneHarvestComponent_Large_Limestone
SM_ERS_Rock_Med_D_settings,/Game/Atlas/AtlasCoreBP/Harvest/Stone/Limestone/StoneHarvestComponent_Large_Limestone.StoneHarvestComponent_Large_Limestone
SM_ERS_Rock_Med_E_settings,/Game/Atlas/AtlasCoreBP/Harvest/Stone/Limestone/StoneHarvestComponent_Large_Limestone.StoneHarvestComponent_Large_Limestone
SM_ERS_Rock_Med_F_settings,/Game/Atlas/AtlasCoreBP/Harvest/Stone/Limestone/StoneHarvestComponent_Large_Limestone.StoneHarvestComponent_Large_Limestone
SM_ERS_Rock_Med_G_settings,/Game/Atlas/AtlasCoreBP/Harvest/Stone/Limestone/StoneHarvestComponent_Large_Limestone.StoneHarvestComponent_Large_Limestone
SM_ETS_Rock_Med_A_settings,/Game/Atlas/AtlasCoreBP/Harvest/Stone/Limestone/StoneHarvestComponent_Large_Limestone.StoneHarvestComponent_Large_Limestone
SM_ETS_Rock_Med_B_settings,/Game/Atlas/AtlasCoreBP/Harvest/Stone/Limestone/StoneHarvestComponent_Large_Limestone.StoneHarvestComponent_Large_Limestone
SM_ETS_Rock_Med_C_settings,/Game/Atlas/AtlasCoreBP/Harvest/Stone/Limestone/StoneHarvestComponent_Large_Limestone.StoneHarvestComponent_Large_Limestone
SM_ETS_Rock_Med_D_settings,/Game/Atlas/AtlasCoreBP/Harvest/Stone/Limestone/StoneHarvestComponent_Large_Limestone.StoneHarvestComponent_Large_Limestone
SM_Generic_Rock_A_settings,/Game/Atlas/AtlasCoreBP/Harvest/Stone/Limestone/StoneHarvestComponent_Large_Limestone.StoneHarvestComponent_Large_Limestone
SM_Generic_Rock_B_settings,/Game/Atlas/AtlasCoreBP/Harvest/Stone/Limestone/StoneHarvestComponent_Large_Limestone.StoneHarvestComponent_Large_Limestone
SM_Generic_Rock_C_settings,/Game/Atlas/AtlasCoreBP/Harvest/Stone/Limestone/StoneHarvestComponent_Large_Limestone.StoneHarvestComponent_Large_Limestone
SM_Generic_Rock_D_settings,/Game/Atlas/AtlasCoreBP/Harvest/Stone/Limestone/StoneHarvestComponent_Large_Limestone.StoneHarvestComponent_Large_Limestone
SM_Generic_Rock_E_settings,/Game/Atlas/AtlasCoreBP/Harvest/Stone/Limestone/StoneHarvestComponent_Large_Limestone.StoneHarvestComponent_Large_Limestone
SM_MediumRock_01_settings,/Game/Atlas/AtlasCoreBP/Harvest/Stone/Limestone/StoneHarvestComponent_Large_Limestone.StoneHarvestComponent_Large_Limestone
SM_MediumRock_01_Snow_settings,/Game/Atlas/AtlasCoreBP/Harvest/Stone/Limestone/StoneHarvestComponent_Large_Limestone.StoneHarvestComponent_Large_Limestone
SM_MediumRock_02_Moss_settings,/Game/Atlas/AtlasCoreBP/Harvest/Stone/Limestone/StoneHarvestComponent_Large_Limestone.StoneHarvestComponent_Large_Limestone
SM_MediumRock_02_Moss-NoWetness_settings,/Game/Atlas/AtlasCoreBP/Harvest/Stone/Limestone/StoneHarvestComponent_Large_Limestone.StoneHarvestComponent_Large_Limestone
SM_MediumRock_02_settings,/Game/Atlas/AtlasCoreBP/Harvest/Stone/Limestone/StoneHarvestComponent_Large_Limestone.StoneHarvestComponent_Large_Limestone
SM_MediumRock_02_Snow_settings,/Game/Atlas/AtlasCoreBP/Harvest/Stone/Limestone/StoneHarvestComponent_Large_Limestone.StoneHarvestComponent_Large_Limestone
SM_ObsidianMetal_01_Settings,/Game/Atlas/AtlasCoreBP/Harvest/Stone/Limestone/StoneHarvestComponent_Large_Limestone.StoneHarvestComponent_Large_Limestone
SM_ObsidianRock_01_settings,/Game/Atlas/AtlasCoreBP/Harvest/Stone/Limestone/StoneHarvestComponent_Large_Limestone.StoneHarvestComponent_Large_Limestone
SM_ObsidianRock_01_Snow_settings,/Game/Atlas/AtlasCoreBP/Harvest/Stone/Limestone/StoneHarvestComponent_Large_Limestone.StoneHarvestComponent_Large_Limestone
SM_ObsidianRock_02_settings,/Game/Atlas/AtlasCoreBP/Harvest/Stone/Limestone/StoneHarvestComponent_Large_Limestone.StoneHarvestComponent_Large_Limestone
SM_ObsidianRock_02_Snow_settings,/Game/Atlas/AtlasCoreBP/Harvest/Stone/Limestone/StoneHarvestComponent_Large_Limestone.StoneHarvestComponent_Large_Limestone
SM_RockGolem_Harvestable_settings,/Game/Atlas/AtlasCoreBP/Harvest/Stone/Limestone/StoneHarvestComponent_Large_Limestone.StoneHarvestComponent_Large_Limestone
SM_RockGravel_02_settings,/Game/Atlas/AtlasCoreBP/Harvest/Stone/Limestone/StoneHarvestComponent_Large_Limestone.StoneHarvestComponent_Large_Limestone
SM_RockGravel_Foliage_settings,/Game/Atlas/AtlasCoreBP/Harvest/Stone/Limestone/StoneHarvestComponent_Large_Limestone.StoneHarvestComponent_Large_Limestone
SM_Rocks_Med_A_Settings,/Game/Atlas/AtlasCoreBP/Harvest/Stone/Limestone/StoneHarvestComponent_Large_Limestone.StoneHarvestComponent_Large_Limestone
SM_Rocks_Med_A_settings,/Game/Atlas/AtlasCoreBP/Harvest/Stone/Limestone/StoneHarvestComponent_Large_Limestone.StoneHarvestComponent_Large_Limestone
SM_Rocks_Med_B_Settings,/Game/Atlas/AtlasCoreBP/Harvest/Stone/Limestone/StoneHarvestComponent_Large_Limestone.StoneHarvestComponent_Large_Limestone
SM_Rocks_Med_B_settings,/Game/Atlas/AtlasCoreBP/Harvest/Stone/Limestone/StoneHarvestComponent_Large_Limestone.StoneHarvestComponent_Large_Limestone
SM_Rocks_Med_C_Settings,/Game/Atlas/AtlasCoreBP/Harvest/Stone/Limestone/StoneHarvestComponent_Large_Limestone.StoneHarvestComponent_Large_Limestone
SM_Rocks_Med_C_settings,/Game/Atlas/AtlasCoreBP/Harvest/Stone/Limestone/StoneHarvestComponent_Large_Limestone.StoneHarvestComponent_Large_Limestone
SM_Rocks_Med_D_Settings,/Game/Atlas/AtlasCoreBP/Harvest/Stone/Limestone/StoneHarvestComponent_Large_Limestone.StoneHarvestComponent_Large_Limestone
SM_Rocks_Med_D_settings,/Game/Atlas/AtlasCoreBP/Harvest/Stone/Limestone/StoneHarvestComponent_Large_Limestone.StoneHarvestComponent_Large_Limestone
SM_RockyPebbles_settings,/Game/Atlas/AtlasCoreBP/Harvest/Stone/Limestone/StoneHarvestComponent_Large_Limestone.StoneHarvestComponent_Large_Limestone
SM_SharpRocks_settings,/Game/Atlas/AtlasCoreBP/Harvest/Stone/Limestone/StoneHarvestComponent_Large_Limestone.StoneHarvestComponent_Large_Limestone
SM_WTS_Rock_Med_A_settings,/Game/Atlas/AtlasCoreBP/Harvest/Stone/Limestone/StoneHarvestComponent_Large_Limestone.StoneHarvestComponent_Large_Limestone
SM_WTS_Rock_Med_B_settings,/Game/Atlas/AtlasCoreBP/Harvest/Stone/Limestone/StoneHarvestComponent_Large_Limestone.StoneHarvestComponent_Large_Limestone
SM_WTS_Rock_Med_C_settings,/Game/Atlas/AtlasCoreBP/Harvest/Stone/Limestone/StoneHarvestComponent_Large_Limestone.StoneHarvestComponent_Large_Limestone
SM_WTS_Rock_Med_D_settings,/Game/Atlas/AtlasCoreBP/Harvest/Stone/Limestone/StoneHarvestComponent_Large_Limestone.StoneHarvestComponent_Large_Limestone
SM_WTS_Rocks_Med_B_settings,/Game/Atlas/AtlasCoreBP/Harvest/Stone/Limestone/StoneHarvestComponent_Large_Limestone.StoneHarvestComponent_Large_Limestone
SM_WTS_Rocks_Med_C_settings,/Game/Atlas/AtlasCoreBP/Harvest/Stone/Limestone/StoneHarvestComponent_Large_Limestone.StoneHarvestComponent_Large_Limestone
UltimateRock_01_settings,/Game/Atlas/AtlasCoreBP/Harvest/Stone/Limestone/StoneHarvestComponent_Large_Limestone.StoneHarvestComponent_Large_Limestone
UltimateRock_03_settings,/Game/Atlas/AtlasCoreBP/Harvest/Stone/Limestone/StoneHarvestComponent_Large_Limestone.StoneHarvestComponent_Large_Limestone
UltimateRock_04_Moss_settings,/Game/Atlas/AtlasCoreBP/Harvest/Stone/Limestone/StoneHarvestComponent_Large_Limestone.StoneHarvestComponent_Large_Limestone
UltimateRock_04_settings,/Game/Atlas/AtlasCoreBP/Harvest/Stone/Limestone/StoneHarvestComponent_Large_Limestone.StoneHarvestComponent_Large_Limestone
UltimateRock_04_Snow_settings,/Game/Atlas/AtlasCoreBP/Harvest/Stone/Limestone/StoneHarvestComponent_Large_Limestone.StoneHarvestComponent_Large_Limestone
UltimateRock_05_Moss_settings,/Game/Atlas/AtlasCoreBP/Harvest/Stone/Limestone/StoneHarvestComponent_Large_Limestone.StoneHarvestComponent_Large_Limestone
UltimateRock_05_settings,/Game/Atlas/AtlasCoreBP/Harvest/Stone/Limestone/StoneHarvestComponent_Large_Limestone.StoneHarvestComponent_Large_Limestone
UltimateRock_05_Snow_settings,/Game/Atlas/AtlasCoreBP/Harvest/Stone/Limestone/StoneHarvestComponent_Large_Limestone.StoneHarvestComponent_Large_Limestone
UltimateRock_06_Moss_settings,/Game/Atlas/AtlasCoreBP/Harvest/Stone/Limestone/StoneHarvestComponent_Large_Limestone.StoneHarvestComponent_Large_Limestone
UltimateRock_06_Snow_settings,/Game/Atlas/AtlasCoreBP/Harvest/Stone/Limestone/StoneHarvestComponent_Large_Limestone.StoneHarvestComponent_Large_Limestone
UnderWater_Rock_01_settings,/Game/Atlas/AtlasCoreBP/Harvest/Stone/Limestone/StoneHarvestComponent_Large_Limestone.StoneHarvestComponent_Large_Limestone
UnderWater_Rock_02_settings,/Game/Atlas/AtlasCoreBP/Harvest/Stone/Limestone/StoneHarvestComponent_Large_Limestone.StoneHarvestComponent_Large_Limestone
UnderWater_Rock_04_settings,/Game/Atlas/AtlasCoreBP/Harvest/Stone/Limestone/StoneHarvestComponent_Large_Limestone.StoneHarvestComponent_Large_Limestone
UnderWater_Rock_05_settings,/Game/Atlas/AtlasCoreBP/Harvest/Stone/Limestone/StoneHarvestComponent_Large_Limestone.StoneHarvestComponent_Large_Limestone
UnderWater_Rock_06_settings,/Game/Atlas/AtlasCoreBP/Harvest/Stone/Limestone/StoneHarvestComponent_Large_Limestone.StoneHarvestComponent_Large_Limestone
UnderWater_Rock_07_settings,/Game/Atlas/AtlasCoreBP/Harvest/Stone/Limestone/StoneHarvestComponent_Large_Limestone.StoneHarvestComponent_Large_Limestone
UnderWater_Rock_08_settings,/Game/Atlas/AtlasCoreBP/Harvest/Stone/Limestone/StoneHarvestComponent_Large_Limestone.StoneHarvestComponent_Large_Limestone
Marble_settings,/Game/Atlas/AtlasCoreBP/Harvest/Stone/Limestone/StoneHarvestComponent_Medium_Limestone.StoneHarvestComponent_Medium_Limestone
SM_ArcticRock_Med_A_settings,/Game/Atlas/AtlasCoreBP/Harvest/Stone/Limestone/StoneHarvestComponent_Medium_Limestone.StoneHarvestComponent_Medium_Limestone
SM_ArcticRock_Med_B_settings,/Game/Atlas/AtlasCoreBP/Harvest/Stone/Limestone/StoneHarvestComponent_Medium_Limestone.StoneHarvestComponent_Medium_Limestone
SM_CDH_Rock_Med_A_settings,/Game/Atlas/AtlasCoreBP/Harvest/Stone/Limestone/StoneHarvestComponent_Medium_Limestone.StoneHarvestComponent_Medium_Limestone
SM_CDH_Rock_Med_B_settings,/Game/Atlas/AtlasCoreBP/Harvest/Stone/Limestone/StoneHarvestComponent_Medium_Limestone.StoneHarvestComponent_Medium_Limestone
SM_CDH_Rock_Med_C_settings,/Game/Atlas/AtlasCoreBP/Harvest/Stone/Limestone/StoneHarvestComponent_Medium_Limestone.StoneHarvestComponent_Medium_Limestone
SM_CDH_Rock_Med_D_settings,/Game/Atlas/AtlasCoreBP/Harvest/Stone/Limestone/StoneHarvestComponent_Medium_Limestone.StoneHarvestComponent_Medium_Limestone
SM_CDL_Rock_Med_A_settings,/Game/Atlas/AtlasCoreBP/Harvest/Stone/Limestone/StoneHarvestComponent_Medium_Limestone.StoneHarvestComponent_Medium_Limestone
SM_CDL_Rock_Med_B_settings,/Game/Atlas/AtlasCoreBP/Harvest/Stone/Limestone/StoneHarvestComponent_Medium_Limestone.StoneHarvestComponent_Medium_Limestone
SM_CDL_Rock_Med_C_settings,/Game/Atlas/AtlasCoreBP/Harvest/Stone/Limestone/StoneHarvestComponent_Medium_Limestone.StoneHarvestComponent_Medium_Limestone
SM_CDL_Rock_Med_D_settings,/Game/Atlas/AtlasCoreBP/Harvest/Stone/Limestone/StoneHarvestComponent_Medium_Limestone.StoneHarvestComponent_Medium_Limestone
SM_CDL_Rock_Med_E_settings,/Game/Atlas/AtlasCoreBP/Harvest/Stone/Limestone/StoneHarvestComponent_Medium_Limestone.StoneHarvestComponent_Medium_Limestone
SM_Coquina_settings,/Game/Atlas/AtlasCoreBP/Harvest/Stone/Limestone/StoneHarvestComponent_Medium_Limestone.StoneHarvestComponent_Medium_Limestone
SM_CT_Rock_Med_01_settings,/Game/Atlas/AtlasCoreBP/Harvest/Stone/Limestone/StoneHarvestComponent_Medium_Limestone.StoneHarvestComponent_Medium_Limestone
SM_CT_Rock_Med_02_settings,/Game/Atlas/AtlasCoreBP/Harvest/Stone/Limestone/StoneHarvestComponent_Medium_Limestone.StoneHarvestComponent_Medium_Limestone
SM_CT_Rock_Med_03_settings,/Game/Atlas/AtlasCoreBP/Harvest/Stone/Limestone/StoneHarvestComponent_Medium_Limestone.StoneHarvestComponent_Medium_Limestone
SM_CT_Rock_Med_04_settings,/Game/Atlas/AtlasCoreBP/Harvest/Stone/Limestone/StoneHarvestComponent_Medium_Limestone.StoneHarvestComponent_Medium_Limestone
SM_ETS_Rocks_Med_A_Settings,/Game/Atlas/AtlasCoreBP/Harvest/Stone/Limestone/StoneHarvestComponent_Medium_Limestone.StoneHarvestComponent_Medium_Limestone
SM_ETS_Rocks_Med_B_Settings,/Game/Atlas/AtlasCoreBP/Harvest/Stone/Limestone/StoneHarvestComponent_Medium_Limestone.StoneHarvestComponent_Medium_Limestone
SM_ETS_Rocks_Med_C_Settings,/Game/Atlas/AtlasCoreBP/Harvest/Stone/Limestone/StoneHarvestComponent_Medium_Limestone.StoneHarvestComponent_Medium_Limestone
SM_GraniteA_settings,/Game/Atlas/AtlasCoreBP/Harvest/Stone/Limestone/StoneHarvestComponent_Medium_Limestone.StoneHarvestComponent_Medium_Limestone
SM_GraniteRock_a_2_Snow_Cave_settings,/Game/Atlas/AtlasCoreBP/Harvest/Stone/Limestone/StoneHarvestComponent_Medium_Limestone.StoneHarvestComponent_Medium_Limestone
SM_GraniteRock_a_2_Snow_settings,/Game/Atlas/AtlasCoreBP/Harvest/Stone/Limestone/StoneHarvestComponent_Medium_Limestone.StoneHarvestComponent_Medium_Limestone
SM_GraniteRock_a_settings,/Game/Atlas/AtlasCoreBP/Harvest/Stone/Limestone/StoneHarvestComponent_Medium_Limestone.StoneHarvestComponent_Medium_Limestone
SM_GraniteRock_b_2_Snow_Cave_settings,/Game/Atlas/AtlasCoreBP/Harvest/Stone/Limestone/StoneHarvestComponent_Medium_Limestone.StoneHarvestComponent_Medium_Limestone
SM_GraniteRock_b_2_Snow_settings,/Game/Atlas/AtlasCoreBP/Harvest/Stone/Limestone/StoneHarvestComponent_Medium_Limestone.StoneHarvestComponent_Medium_Limestone
SM_GraniteRock_b_settings,/Game/Atlas/AtlasCoreBP/Harvest/Stone/Limestone/StoneHarvestComponent_Medium_Limestone.StoneHarvestComponent_Medium_Limestone
SM_GraniteRock_c_2_Snow_settings,/Game/Atlas/AtlasCoreBP/Harvest/Stone/Limestone/StoneHarvestComponent_Medium_Limestone.StoneHarvestComponent_Medium_Limestone
SM_GraniteRock_c_settings,/Game/Atlas/AtlasCoreBP/Harvest/Stone/Limestone/StoneHarvestComponent_Medium_Limestone.StoneHarvestComponent_Medium_Limestone
SM_GraniteRock_d_2_Snow_settings,/Game/Atlas/AtlasCoreBP/Harvest/Stone/Limestone/StoneHarvestComponent_Medium_Limestone.StoneHarvestComponent_Medium_Limestone
SM_GraniteRock_d_settings,/Game/Atlas/AtlasCoreBP/Harvest/Stone/Limestone/StoneHarvestComponent_Medium_Limestone.StoneHarvestComponent_Medium_Limestone
SM_GraniteRock_E_2_Snow_settings,/Game/Atlas/AtlasCoreBP/Harvest/Stone/Limestone/StoneHarvestComponent_Medium_Limestone.StoneHarvestComponent_Medium_Limestone
SM_GraniteRock_e_settings,/Game/Atlas/AtlasCoreBP/Harvest/Stone/Limestone/StoneHarvestComponent_Medium_Limestone.StoneHarvestComponent_Medium_Limestone
SM_Limestone_settings,/Game/Atlas/AtlasCoreBP/Harvest/Stone/Limestone/StoneHarvestComponent_Medium_Limestone.StoneHarvestComponent_Medium_Limestone
SM_MRS_Rock_Lrg_A_settings,/Game/Atlas/AtlasCoreBP/Harvest/Stone/Limestone/StoneHarvestComponent_Medium_Limestone.StoneHarvestComponent_Medium_Limestone
SM_MRS_Rock_Lrg_B_settings,/Game/Atlas/AtlasCoreBP/Harvest/Stone/Limestone/StoneHarvestComponent_Medium_Limestone.StoneHarvestComponent_Medium_Limestone
SM_MRS_Rock_Lrg_C_settings,/Game/Atlas/AtlasCoreBP/Harvest/Stone/Limestone/StoneHarvestComponent_Medium_Limestone.StoneHarvestComponent_Medium_Limestone
SM_MTS_Rock_Lrg_A_settings,/Game/Atlas/AtlasCoreBP/Harvest/Stone/Limestone/StoneHarvestComponent_Medium_Limestone.StoneHarvestComponent_Medium_Limestone
SM_MTS_Rock_Lrg_B_settings,/Game/Atlas/AtlasCoreBP/Harvest/Stone/Limestone/StoneHarvestComponent_Medium_Limestone.StoneHarvestComponent_Medium_Limestone
SM_MTS_Rock_Lrg_D_settings,/Game/Atlas/AtlasCoreBP/Harvest/Stone/Limestone/StoneHarvestComponent_Medium_Limestone.StoneHarvestComponent_Medium_Limestone
SM_MTS_Rock_Lrg_E_settings,/Game/Atlas/AtlasCoreBP/Harvest/Stone/Limestone/StoneHarvestComponent_Medium_Limestone.StoneHarvestComponent_Medium_Limestone
SM_Rock_Lrg_A_Moss_settings,/Game/Atlas/AtlasCoreBP/Harvest/Stone/Limestone/StoneHarvestComponent_Medium_Limestone.StoneHarvestComponent_Medium_Limestone
SM_RockB05_settings,/Game/Atlas/AtlasCoreBP/Harvest/Stone/Limestone/StoneHarvestComponent_Medium_Limestone.StoneHarvestComponent_Medium_Limestone
SM_RockC03_settings,/Game/Atlas/AtlasCoreBP/Harvest/Stone/Limestone/StoneHarvestComponent_Medium_Limestone.StoneHarvestComponent_Medium_Limestone
SM_Sandstone_settings,/Game/Atlas/AtlasCoreBP/Harvest/Stone/Limestone/StoneHarvestComponent_Medium_Limestone.StoneHarvestComponent_Medium_Limestone
SM_SlateA_settings,/Game/Atlas/AtlasCoreBP/Harvest/Stone/Limestone/StoneHarvestComponent_Medium_Limestone.StoneHarvestComponent_Medium_Limestone
SM_SlateB_settings,/Game/Atlas/AtlasCoreBP/Harvest/Stone/Limestone/StoneHarvestComponent_Medium_Limestone.StoneHarvestComponent_Medium_Limestone
SM_SmallSwampRock_01_settings,/Game/Atlas/AtlasCoreBP/Harvest/Stone/Limestone/StoneHarvestComponent_Medium_Limestone.StoneHarvestComponent_Medium_Limestone
SM_SmallSwampRock_02_settings,/Game/Atlas/AtlasCoreBP/Harvest/Stone/Limestone/StoneHarvestComponent_Medium_Limestone.StoneHarvestComponent_Medium_Limestone
SM_SmallSwampRock_03_settings,/Game/Atlas/AtlasCoreBP/Harvest/Stone/Limestone/StoneHarvestComponent_Medium_Limestone.StoneHarvestComponent_Medium_Limestone
SM_SmallSwampRock_04_settings,/Game/Atlas/AtlasCoreBP/Harvest/Stone/Limestone/StoneHarvestComponent_Medium_Limestone.StoneHarvestComponent_Medium_Limestone
SM_SmallSwampRock_05_settings,/Game/Atlas/AtlasCoreBP/Harvest/Stone/Limestone/StoneHarvestComponent_Medium_Limestone.StoneHarvestComponent_Medium_Limestone
SM_WTS_Rocks_Med_A_settings,/Game/Atlas/AtlasCoreBP/Harvest/Stone/Limestone/StoneHarvestComponent_Medium_Limestone.StoneHarvestComponent_Medium_Limestone
SmallRock04_RichMetal_Settings,/Game/Atlas/AtlasCoreBP/Harvest/Stone/Limestone/StoneHarvestComponent_Medium_Limestone.StoneHarvestComponent_Medium_Limestone
SM_PickUp_Rock_Sml_C_1_settings,/Game/Atlas/AtlasCoreBP/Harvest/Stone/Limestone/StoneHarvestComponent_Pickup_Limestone.StoneHarvestComponent_Pickup_Limestone
SM_PickUp_Rock_Sml_C_2_settings,/Game/Atlas/AtlasCoreBP/Harvest/Stone/Limestone/StoneHarvestComponent_Pickup_Limestone.StoneHarvestComponent_Pickup_Limestone
SM_PickUp_Rock_Sml_C_3_settings,/Game/Atlas/AtlasCoreBP/Harvest/Stone/Limestone/StoneHarvestComponent_Pickup_Limestone.StoneHarvestComponent_Pickup_Limestone
SM_PickUp_Rock_Sml_C_4_settings,/Game/Atlas/AtlasCoreBP/Harvest/Stone/Limestone/StoneHarvestComponent_Pickup_Limestone.StoneHarvestComponent_Pickup_Limestone
SM_PickUp_Rock_Sml_C_5_settings,/Game/Atlas/AtlasCoreBP/Harvest/Stone/Limestone/StoneHarvestComponent_Pickup_Limestone.StoneHarvestComponent_Pickup_Limestone
SM_ArcticRock_Sml_A_settings,/Game/Atlas/AtlasCoreBP/Harvest/Stone/Limestone/StoneHarvestComponent_Small_Limestone.StoneHarvestComponent_Small_Limestone
SM_ArcticRock_Sml_B_settings,/Game/Atlas/AtlasCoreBP/Harvest/Stone/Limestone/StoneHarvestComponent_Small_Limestone.StoneHarvestComponent_Small_Limestone
SM_ArcticRock_Sml_C_settings,/Game/Atlas/AtlasCoreBP/Harvest/Stone/Limestone/StoneHarvestComponent_Small_Limestone.StoneHarvestComponent_Small_Limestone
SM_ArcticRock_Sml_D_settings,/Game/Atlas/AtlasCoreBP/Harvest/Stone/Limestone/StoneHarvestComponent_Small_Limestone.StoneHarvestComponent_Small_Limestone
SM_ArcticRock_Sml_E_settings,/Game/Atlas/AtlasCoreBP/Harvest/Stone/Limestone/StoneHarvestComponent_Small_Limestone.StoneHarvestComponent_Small_Limestone
SM_CaveRockPile_settings,/Game/Atlas/AtlasCoreBP/Harvest/Stone/Limestone/StoneHarvestComponent_Small_Limestone.StoneHarvestComponent_Small_Limestone
SM_CDH_Rock_Sml_A_settings,/Game/Atlas/AtlasCoreBP/Harvest/Stone/Limestone/StoneHarvestComponent_Small_Limestone.StoneHarvestComponent_Small_Limestone
SM_CDH_Rock_Sml_B_settings,/Game/Atlas/AtlasCoreBP/Harvest/Stone/Limestone/StoneHarvestComponent_Small_Limestone.StoneHarvestComponent_Small_Limestone
SM_CDH_Rock_Sml_C_settings,/Game/Atlas/AtlasCoreBP/Harvest/Stone/Limestone/StoneHarvestComponent_Small_Limestone.StoneHarvestComponent_Small_Limestone
SM_CDH_Rock_Sml_D_settings,/Game/Atlas/AtlasCoreBP/Harvest/Stone/Limestone/StoneHarvestComponent_Small_Limestone.StoneHarvestComponent_Small_Limestone
SM_CDH_Rock_Sml_E_settings,/Game/Atlas/AtlasCoreBP/Harvest/Stone/Limestone/StoneHarvestComponent_Small_Limestone.StoneHarvestComponent_Small_Limestone
SM_CDL_Rock_Sml_A_settings,/Game/Atlas/AtlasCoreBP/Harvest/Stone/Limestone/StoneHarvestComponent_Small_Limestone.StoneHarvestComponent_Small_Limestone
SM_CDL_Rock_Sml_B_settings,/Game/Atlas/AtlasCoreBP/Harvest/Stone/Limestone/StoneHarvestComponent_Small_Limestone.StoneHarvestComponent_Small_Limestone
SM_CDL_Rock_Sml_C_settings,/Game/Atlas/AtlasCoreBP/Harvest/Stone/Limestone/StoneHarvestComponent_Small_Limestone.StoneHarvestComponent_Small_Limestone
SM_CDL_Rock_Sml_D_settings,/Game/Atlas/AtlasCoreBP/Harvest/Stone/Limestone/StoneHarvestComponent_Small_Limestone.StoneHarvestComponent_Small_Limestone
SM_CDL_Rock_Sml_E_settings,/Game/Atlas/AtlasCoreBP/Harvest/Stone/Limestone/StoneHarvestComponent_Small_Limestone.StoneHarvestComponent_Small_Limestone
SM_CT_Rock_Sml_01_settings,/Game/Atlas/AtlasCoreBP/Harvest/Stone/Limestone/StoneHarvestComponent_Small_Limestone.StoneHarvestComponent_Small_Limestone
SM_CT_Rock_Sml_02_settings,/Game/Atlas/AtlasCoreBP/Harvest/Stone/Limestone/StoneHarvestComponent_Small_Limestone.StoneHarvestComponent_Small_Limestone
SM_CT_Rock_Sml_03_settings,/Game/Atlas/AtlasCoreBP/Harvest/Stone/Limestone/StoneHarvestComponent_Small_Limestone.StoneHarvestComponent_Small_Limestone
SM_CT_Rock_Sml_04_settings,/Game/Atlas/AtlasCoreBP/Harvest/Stone/Limestone/StoneHarvestComponent_Small_Limestone.StoneHarvestComponent_Small_Limestone
SM_CT_Rock_Sml_05_settings,/Game/Atlas/AtlasCoreBP/Harvest/Stone/Limestone/StoneHarvestComponent_Small_Limestone.StoneHarvestComponent_Small_Limestone
SM_EasternRock_A_Snow_Cave_settings,/Game/Atlas/AtlasCoreBP/Harvest/Stone/Limestone/StoneHarvestComponent_Small_Limestone.StoneHarvestComponent_Small_Limestone
SM_ERS_Rock_Sml_A1_settings,/Game/Atlas/AtlasCoreBP/Harvest/Stone/Limestone/StoneHarvestComponent_Small_Limestone.StoneHarvestComponent_Small_Limestone
SM_ERS_Rock_Sml_A2_settings,/Game/Atlas/AtlasCoreBP/Harvest/Stone/Limestone/StoneHarvestComponent_Small_Limestone.StoneHarvestComponent_Small_Limestone
SM_ERS_Rock_Sml_A3_settings,/Game/Atlas/AtlasCoreBP/Harvest/Stone/Limestone/StoneHarvestComponent_Small_Limestone.StoneHarvestComponent_Small_Limestone
SM_ERS_Rock_Sml_A4_settings,/Game/Atlas/AtlasCoreBP/Harvest/Stone/Limestone/StoneHarvestComponent_Small_Limestone.StoneHarvestComponent_Small_Limestone
SM_ERS_Rock_Sml_A5_settings,/Game/Atlas/AtlasCoreBP/Harvest/Stone/Limestone/StoneHarvestComponent_Small_Limestone.StoneHarvestComponent_Small_Limestone
SM_ERS_Rock_Sml_A6_settings,/Game/Atlas/AtlasCoreBP/Harvest/Stone/Limestone/StoneHarvestComponent_Small_Limestone.StoneHarvestComponent_Small_Limestone
SM_ERS_Rock_Sml_C_1_settings,/Game/Atlas/AtlasCoreBP/Harvest/Stone/Limestone/StoneHarvestComponent_Small_Limestone.StoneHarvestComponent_Small_Limestone
SM_ERS_Rock_Sml_C_2_settings,/Game/Atlas/AtlasCoreBP/Harvest/Stone/Limestone/StoneHarvestComponent_Small_Limestone.StoneHarvestComponent_Small_Limestone
SM_ERS_Rock_Sml_C_3_settings,/Game/Atlas/AtlasCoreBP/Harvest/Stone/Limestone/StoneHarvestComponent_Small_Limestone.StoneHarvestComponent_Small_Limestone
SM_ERS_Rock_Sml_C_4_settings,/Game/Atlas/AtlasCoreBP/Harvest/Stone/Limestone/StoneHarvestComponent_Small_Limestone.StoneHarvestComponent_Small_Limestone
SM_ERS_Rock_Sml_C_5_settings,/Game/Atlas/AtlasCoreBP/Harvest/Stone/Limestone/StoneHarvestComponent_Small_Limestone.StoneHarvestComponent_Small_Limestone
SM_ERS_Rocks_Sml_B1_settings,/Game/Atlas/AtlasCoreBP/Harvest/Stone/Limestone/StoneHarvestComponent_Small_Limestone.StoneHarvestComponent_Small_Limestone
SM_ERS_Rocks_Sml_B2_settings,/Game/Atlas/AtlasCoreBP/Harvest/Stone/Limestone/StoneHarvestComponent_Small_Limestone.StoneHarvestComponent_Small_Limestone
SM_ERS_Rocks_Sml_B3_settings,/Game/Atlas/AtlasCoreBP/Harvest/Stone/Limestone/StoneHarvestComponent_Small_Limestone.StoneHarvestComponent_Small_Limestone
SM_ERS_Rocks_Sml_B4_settings,/Game/Atlas/AtlasCoreBP/Harvest/Stone/Limestone/StoneHarvestComponent_Small_Limestone.StoneHarvestComponent_Small_Limestone
SM_ETS_Rock_SML_A_settings,/Game/Atlas/AtlasCoreBP/Harvest/Stone/Limestone/StoneHarvestComponent_Small_Limestone.StoneHarvestComponent_Small_Limestone
SM_ETS_Rock_SML_B_settings,/Game/Atlas/AtlasCoreBP/Harvest/Stone/Limestone/StoneHarvestComponent_Small_Limestone.StoneHarvestComponent_Small_Limestone
SM_ETS_Rock_SML_C_settings,/Game/Atlas/AtlasCoreBP/Harvest/Stone/Limestone/StoneHarvestComponent_Small_Limestone.StoneHarvestComponent_Small_Limestone
SM_ETS_Rock_SML_D_settings,/Game/Atlas/AtlasCoreBP/Harvest/Stone/Limestone/StoneHarvestComponent_Small_Limestone.StoneHarvestComponent_Small_Limestone
SM_RiverRock_01_settings,/Game/Atlas/AtlasCoreBP/Harvest/Stone/Limestone/StoneHarvestComponent_Small_Limestone.StoneHarvestComponent_Small_Limestone
SM_RiverRock_02_settings,/Game/Atlas/AtlasCoreBP/Harvest/Stone/Limestone/StoneHarvestComponent_Small_Limestone.StoneHarvestComponent_Small_Limestone
SM_RiverRock_03_settings,/Game/Atlas/AtlasCoreBP/Harvest/Stone/Limestone/StoneHarvestComponent_Small_Limestone.StoneHarvestComponent_Small_Limestone
SM_RiverRock_04_settings,/Game/Atlas/AtlasCoreBP/Harvest/Stone/Limestone/StoneHarvestComponent_Small_Limestone.StoneHarvestComponent_Small_Limestone
SM_RiverRock_05_settings,/Game/Atlas/AtlasCoreBP/Harvest/Stone/Limestone/StoneHarvestComponent_Small_Limestone.StoneHarvestComponent_Small_Limestone
SM_RiverRocks_settings,/Game/Atlas/AtlasCoreBP/Harvest/Stone/Limestone/StoneHarvestComponent_Small_Limestone.StoneHarvestComponent_Small_Limestone
SM_RiverStone_01_Settings,/Game/Atlas/AtlasCoreBP/Harvest/Stone/Limestone/StoneHarvestComponent_Small_Limestone.StoneHarvestComponent_Small_Limestone
SM_RiverStone_02_Settings,/Game/Atlas/AtlasCoreBP/Harvest/Stone/Limestone/StoneHarvestComponent_Small_Limestone.StoneHarvestComponent_Small_Limestone
SM_RiverStone_03_Settings,/Game/Atlas/AtlasCoreBP/Harvest/Stone/Limestone/StoneHarvestComponent_Small_Limestone.StoneHarvestComponent_Small_Limestone
SM_RiverStone_04_Settings,/Game/Atlas/AtlasCoreBP/Harvest/Stone/Limestone/StoneHarvestComponent_Small_Limestone.StoneHarvestComponent_Small_Limestone
SM_Rock01_settings,/Game/Atlas/AtlasCoreBP/Harvest/Stone/Limestone/StoneHarvestComponent_Small_Limestone.StoneHarvestComponent_Small_Limestone
SM_WTS_BeachRock_A_settings,/Game/Atlas/AtlasCoreBP/Harvest/Stone/Limestone/StoneHarvestComponent_Small_Limestone.StoneHarvestComponent_Small_Limestone
SM_WTS_BeachRock_A_settings_02,/Game/Atlas/AtlasCoreBP/Harvest/Stone/Limestone/StoneHarvestComponent_Small_Limestone.StoneHarvestComponent_Small_Limestone
SM_WTS_BeachRock_B_settings,/Game/Atlas/AtlasCoreBP/Harvest/Stone/Limestone/StoneHarvestComponent_Small_Limestone.StoneHarvestComponent_Small_Limestone
SM_WTS_BeachRock_C_settings,/Game/Atlas/AtlasCoreBP/Harvest/Stone/Limestone/StoneHarvestComponent_Small_Limestone.StoneHarvestComponent_Small_Limestone
SM_WTS_BeachRock_D_settings,/Game/Atlas/AtlasCoreBP/Harvest/Stone/Limestone/StoneHarvestComponent_Small_Limestone.StoneHarvestComponent_Small_Limestone
SM_WTS_BeachRock_E_settings,/Game/Atlas/AtlasCoreBP/Harvest/Stone/Limestone/StoneHarvestComponent_Small_Limestone.StoneHarvestComponent_Small_Limestone
SM_WTS_Rock_SML_A_settings,/Game/Atlas/AtlasCoreBP/Harvest/Stone/Limestone/StoneHarvestComponent_Small_Limestone.StoneHarvestComponent_Small_Limestone
SM_WTS_Rock_SML_B_settings,/Game/Atlas/AtlasCoreBP/Harvest/Stone/Limestone/StoneHarvestComponent_Small_Limestone.StoneHarvestComponent_Small_Limestone
SM_WTS_Rock_SML_C_settings,/Game/Atlas/AtlasCoreBP/Harvest/Stone/Limestone/StoneHarvestComponent_Small_Limestone.StoneHarvestComponent_Small_Limestone
SM_WTS_Rock_SML_D_settings,/Game/Atlas/AtlasCoreBP/Harvest/Stone/Limestone/StoneHarvestComponent_Small_Limestone.StoneHarvestComponent_Small_Limestone
SM_WTS_RockPile_A_settings,/Game/Atlas/AtlasCoreBP/Harvest/Stone/Limestone/StoneHarvestComponent_Small_Limestone.StoneHarvestComponent_Small_Limestone
SmallRock01_settings,/Game/Atlas/AtlasCoreBP/Harvest/Stone/Limestone/StoneHarvestComponent_Small_Limestone.StoneHarvestComponent_Small_Limestone
SmallRock04_settings,/Game/Atlas/AtlasCoreBP/Harvest/Stone/Limestone/StoneHarvestComponent_Small_Limestone.StoneHarvestComponent_Small_Limestone
SmallRockA_settings,/Game/Atlas/AtlasCoreBP/Harvest/Stone/Limestone/StoneHarvestComponent_Small_Limestone.StoneHarvestComponent_Small_Limestone
SRock01_settings,/Game/Atlas/AtlasCoreBP/Harvest/Stone/Limestone/StoneHarvestComponent_Small_Limestone.StoneHarvestComponent_Small_Limestone
SRock02_settings,/Game/Atlas/AtlasCoreBP/Harvest/Stone/Limestone/StoneHarvestComponent_Small_Limestone.StoneHarvestComponent_Small_Limestone
SRock03_settings,/Game/Atlas/AtlasCoreBP/Harvest/Stone/Limestone/StoneHarvestComponent_Small_Limestone.StoneHarvestComponent_Small_Limestone